Abbott Xience 3.5 mm x 33 mm (6111741915186);08717648161896;6111741;2019-11-28;0
Abbott Xience 3.5 mm x 33 mm (7022141915331);08717648161896;7022141;2020-02-27;0
Abbott Xience 3.5 mm x 33 mm (7072041915295);08717648161896;7072041;2020-07-31;1
Abbott Xience 3.5 mm x 33 mm (8020241915053);08717648161896;8020241;2021-02-11;2
Abbott Xience PRO 48 2.5 mm x 48 mm (7081141915209);08717648191671;7081141;2020-08-17;1
Abbott Xience PRO 48 2.5 mm x 48 mm (7100242915156);08717648191671;7100242;2020-10-08;2
Abbott Xience PRO 48 2.5 mm x 48 mm (7120641915084);08717648191671;7120641;2020-12-13;1
Abbott Xience PRO 48 2.5 mm x 48 mm (8021241915541);08717648191671;8021241;2021-02-21;2
Abbott Xience PRO 48 2.75 mm x 48 mm (6110841915212);08717648191664;6110841;2019-11-15;1
Abbott Xience PRO 48 2.75 mm x 48 mm (7071341915119);08717648191664;7071341;2020-07-19;2
Abbott Xience PRO 48 3.0 mm x 48 mm (6110941);08717648191688;6110941;2019-11-15;-1
Abbott Xience PRO 48 3.0 mm x 48 mm (6121241915278);08717648191688;6121241;2020-01-02;1
Abbott Xience PRO 48 3.0 mm x 48 mm (7010941915205);08717648191688;7010941;2020-01-18;-1
Abbott Xience PRO 48 3.0 mm x 48 mm (7071241915460);08717648191688;7071241;2020-07-19;1
Abbott Xience PRO 48 3.0 mm x 48 mm (7120641915033);08717648191688;7120641;2020-12-13;-1
Abbott Xience PRO 48 3.0 mm x 48 mm (8013141915226);08717648191688;8013141;2021-02-11;2
Abbott Xience PRO 48 3.0 mm x 48 mm (8021441915092);08717648191688;8021441;2021-02-26;4
Abbott Xience PRO 48 3.5 mm x 48 mm (6083141915905);08717648191695;6083141;2019-09-11;0
Abbott Xience PRO 48 3.5 mm x 48 mm (7011141915237);08717648191695;7011141;2020-01-18;1
Abbott Xience PRO 48 3.5 mm x 48 mm (7091241915079);08717648191695;7091241;2020-09-18;0
Abbott Xience PRO 48 3.5 mm x 48 mm (7100541915300);08717648191695;7100541;2020-10-17;3
Abbott Xience PRO 48 3.5 mm x 48 mm (8012641915187);08717648191695;8012641;2021-02-04;2
Abbott Xience PRO 48 3.5 mm x 48 mm (8031541915052);08717648191695;8031541;2021-03-28;1
Abbott Xience PROX 2.5 mm x 12 mm (6112141915520);08717648164125;6112141;2019-11-28;-1
Abbott Xience PROX 2.5 mm x 12 mm (7032141915166);08717648164125;7032141;2020-03-28;-1
Abbott Xience PROX 2.5 mm x 12 mm (7041341915606);08717648164125;7041341;2020-04-25;0
Abbott Xience PROX 2.5 mm x 12 mm (7042841915363);08717648164125;7042841;2020-05-09;2
Abbott Xience PROX 2.5 mm x 12 mm (7062641915114);08717648164125;7062641;2020-07-03;0
Abbott Xience PROX 2.5 mm x 12 mm (7072541915223);08717648164125;7072541;2020-08-02;0
Abbott Xience PROX 2.5 mm x 12 mm (7082241915671);08717648164125;7082241;2020-08-28;0
Abbott Xience PROX 2.5 mm x 12 mm (7102541915054);08717648164125;7102541;2020-11-09;1
Abbott Xience PROX 2.5 mm x 12 mm (7121343915432);08717648164125;7121343;2020-12-29;1
Abbott Xience PROX 2.5 mm x 15 mm (7021341915574);08717648164132;7021341;2020-03-01;0
Abbott Xience PROX 2.5 mm x 15 mm (7030141916127);08717648164132;7030141;2020-03-13;0
Abbott Xience PROX 2.5 mm x 15 mm (7080341915079);08717648164132;7080341;2020-08-13;1
Abbott Xience PROX 2.5 mm x 15 mm (7120141915743);08717648164132;7120141;2020-12-06;1
Abbott Xience PROX 2.5 mm x 15 mm (8030741916235);08717648164132;8030741;2021-03-18;2
Abbott Xience PROX 2.5 mm x 18 mm (6112441915705);08717648164149;6112441;2019-11-30;0
Abbott Xience PROX 2.5 mm x 18 mm (7033141915091);08717648164149;7033141;2020-04-12;1
Abbott Xience PROX 2.5 mm x 18 mm (7121641915362);08717648164149;7121641;2021-01-01;1
Abbott Xience PROX 2.5 mm x 18 mm (8022741915547);08717648164149;8022741;2021-03-11;2
Abbott Xience PROX 2.5 mm x 23 mm (7091241915321);08717648164156;7091241;2020-09-20;1
Abbott Xience PROX 2.5 mm x 23 mm (8010141915130);08717648164156;8010141;2021-01-09;1
Abbott Xience PROX 2.5 mm x 28 mm (6102641915094);08717648164163;6102641;2019-11-01;0
Abbott Xience PROX 2.5 mm x 28 mm (8022741915700);08717648164163;8022741;2021-03-14;1
Abbott Xience PROX 2.5 mm x 33 mm (7071141915224);08717648164170;7071141;2020-07-16;2
Abbott Xience PROX 2.5 mm x 38 mm (6060841915120);08717648164187;6060841;2019-06-13;1
Abbott Xience PROX 2.5 mm x 38 mm (7022741915505);08717648164187;7022741;2020-03-07;1
Abbott Xience PROX 2.5 mm x 8 mm (7102641915009);08717648164118;7102641;2020-11-09;1
Abbott Xience PROX 2.75 mm x 12 mm (7082241915063);08717648164224;7082241;2020-08-28;0
Abbott Xience PROX 2.75 mm x 12 mm (7121841915222);08717648164224;7121841;2021-01-01;1
Abbott Xience PROX 2.75 mm x 15 mm (6111541915273);08717648164231;6111541;2019-11-23;-1
Abbott Xience PROX 2.75 mm x 15 mm (7032241915239);08717648164231;7032241;2020-03-29;0
Abbott Xience PROX 2.75 mm x 15 mm (7060141915387);08717648164231;7060141;2020-06-07;1
Abbott Xience PROX 2.75 mm x 15 mm (7072441915161);08717648164231;7072441;2020-08-02;1
Abbott Xience PROX 2.75 mm x 15 mm (7082241915689);08717648164231;7082241;2020-08-30;0
Abbott Xience PROX 2.75 mm x 18 mm (7082341915864);08717648164248;7082341;2020-08-30;-1
Abbott Xience PROX 2.75 mm x 18 mm (7110841915371);08717648164248;7110841;2020-11-14;1
Abbott Xience PROX 2.75 mm x 23 mm (6112541915493);08717648164255;6112541;2019-12-05;0
Abbott Xience PROX 2.75 mm x 23 mm (8012641915591);08717648164255;8012641;2021-02-08;1
Abbott Xience PROX 2.75 mm x 28 mm (6111541915349);08717648164262;6111541;2019-11-22;1
Abbott Xience PROX 2.75 mm x 33 mm (7101341915117);08717648164279;7101341;2020-10-23;1
Abbott Xience PROX 2.75 mm x 38 mm (7062841915333);08717648164286;7062841;2020-07-05;0
Abbott Xience PROX 2.75 mm x 38 mm (7110641915019);08717648164286;7110641;2020-11-12;1
Abbott Xience PROX 2.75 mm x 38 mm (7112942915310);08717648164286;7112942;2020-12-11;1
Abbott Xience PROX 3.0 mm 33 mm (6113041915471);08717648164378;6113041;2019-12-09;0
Abbott Xience PROX 3.0 mm 33 mm (7030141915388);08717648164378;7030141;2020-03-07;1
Abbott Xience PROX 3.0 mm 33 mm (8013141915494);08717648164378;8013141;2021-02-08;1
Abbott Xience PROX 3.0 mm 33 mm (8022141915028);08717648164378;8022141;2021-03-06;2
Abbott Xience PROX 3.0 mm x 12 mm (6121641915163);08717648164323;6121641;2020-01-09;0
Abbott Xience PROX 3.0 mm x 12 mm (7012641915219);08717648164323;7012641;2020-02-07;0
Abbott Xience PROX 3.0 mm x 12 mm (7022141915675);08717648164323;7022141;2020-02-29;0
Abbott Xience PROX 3.0 mm x 12 mm (7032841915231);08717648164323;7032841;2020-04-04;0
Abbott Xience PROX 3.0 mm x 12 mm (7042441915199);08717648164323;7042441;2020-05-01;0
Abbott Xience PROX 3.0 mm x 12 mm (7051741915309);08717648164323;7051741;2020-05-23;-1
Abbott Xience PROX 3.0 mm x 12 mm (7062441915097);08717648164323;7062441;2020-07-04;-1
Abbott Xience PROX 3.0 mm x 12 mm (7072041915257);08717648164323;7072041;2020-07-31;0
Abbott Xience PROX 3.0 mm x 12 mm (7082241915100);08717648164323;7082241;2020-08-27;0
Abbott Xience PROX 3.0 mm x 12 mm (7091841915303);08717648164323;7091841;2020-09-25;0
Abbott Xience PROX 3.0 mm x 12 mm (7102441915628);08717648164323;7102441;2020-11-01;0
Abbott Xience PROX 3.0 mm x 12 mm (7112941915339);08717648164323;7112941;2020-12-05;1
Abbott Xience PROX 3.0 mm x 12 mm (7122041915103);08717648164323;7122041;2021-01-07;2
Abbott Xience PROX 3.0 mm x 12 mm (8010341915015);08717648164323;8010341;2021-01-10;2
Abbott Xience PROX 3.0 mm x 15 mm (6110341916759);08717648164330;6110341;2019-11-16;0
Abbott Xience PROX 3.0 mm x 15 mm (7012741915245);08717648164330;7012741;2020-02-07;0
Abbott Xience PROX 3.0 mm x 15 mm (7021641915571);08717648164330;7021641;2020-02-29;0
Abbott Xience PROX 3.0 mm x 15 mm (7030941915114);08717648164330;7030941;2020-03-21;0
Abbott Xience PROX 3.0 mm x 15 mm (7032341915484);08717648164330;7032341;2020-04-04;0
Abbott Xience PROX 3.0 mm x 15 mm (7040541915556);08717648164330;7040541;2020-04-18;0
Abbott Xience PROX 3.0 mm x 15 mm (7052241915467);08717648164330;7052241;2020-05-28;-2
Abbott Xience PROX 3.0 mm x 15 mm (7052641915427);08717648164330;7052641;2020-06-06;-1
Abbott Xience PROX 3.0 mm x 15 mm (7071941915362);08717648164330;7071941;2020-07-31;0
Abbott Xience PROX 3.0 mm x 15 mm (7082241915201);08717648164330;7082241;2020-08-28;-3
Abbott Xience PROX 3.0 mm x 15 mm (7091241915230);08717648164330;7091241;2020-09-17;0
Abbott Xience PROX 3.0 mm x 15 mm (7102741915004);08717648164330;7102741;2020-11-09;0
Abbott Xience PROX 3.0 mm x 15 mm (7112441915046);08717648164330;7112441;2020-11-30;0
Abbott Xience PROX 3.0 mm x 15 mm (7121441915325);08717648164330;7121441;2021-01-01;1
Abbott Xience PROX 3.0 mm x 15 mm (8020541915667);08717648164330;8020541;2021-02-11;2
Abbott Xience PROX 3.0 mm x 15 mm (8031441916085);08717648164330;8031441;2021-03-21;5
Abbott Xience PROX 3.0 mm x 18 mm (6111641916249);08717648164347;6111641;2019-11-23;-1
Abbott Xience PROX 3.0 mm x 18 mm (7013041915223);08717648164347;7013041;2020-02-06;0
Abbott Xience PROX 3.0 mm x 18 mm (7021441915606);08717648164347;7021441;2020-02-29;0
Abbott Xience PROX 3.0 mm x 18 mm (7021541915829);08717648164347;7021541;2020-02-29;0
Abbott Xience PROX 3.0 mm x 18 mm (7041241915225);08717648164347;7041241;2020-04-25;0
Abbott Xience PROX 3.0 mm x 18 mm (7050441915164);08717648164347;7050441;2020-05-16;-4
Abbott Xience PROX 3.0 mm x 18 mm (7052541915094);08717648164347;7052541;2020-06-06;0
Abbott Xience PROX 3.0 mm x 18 mm (7061541915063);08717648164347;7061541;2020-06-20;-1
Abbott Xience PROX 3.0 mm x 18 mm (7071841915712);08717648164347;7071841;2020-07-30;0
Abbott Xience PROX 3.0 mm x 18 mm (7072741915012);08717648164347;7072741;2020-08-08;0
Abbott Xience PROX 3.0 mm x 18 mm (7082941915181);08717648164347;7082941;2020-09-05;0
Abbott Xience PROX 3.0 mm x 18 mm (7102741915235);08717648164347;7102741;2020-11-05;0
Abbott Xience PROX 3.0 mm x 18 mm (7122141915123);08717648164347;7122141;2021-01-08;0
Abbott Xience PROX 3.0 mm x 18 mm (8020541915066);08717648164347;8020541;2021-02-11;1
Abbott Xience PROX 3.0 mm x 18 mm (8030541915340);08717648164347;8030541;2021-03-14;6
Abbott Xience PROX 3.0 mm x 23 mm (6112141916223);08717648164354;6112141;2019-11-29;0
Abbott Xience PROX 3.0 mm x 23 mm (7012641916311);08717648164354;7012641;2020-02-07;-1
Abbott Xience PROX 3.0 mm x 23 mm (7031041915454);08717648164354;7031041;2020-03-21;0
Abbott Xience PROX 3.0 mm x 23 mm (7041241915319);08717648164354;7041241;2020-04-19;0
Abbott Xience PROX 3.0 mm x 23 mm (7051841915140);08717648164354;7051841;2020-05-25;0
Abbott Xience PROX 3.0 mm x 23 mm (7083041915048);08717648164354;7083041;2020-09-05;0
Abbott Xience PROX 3.0 mm x 23 mm (7110341915384);08717648164354;7110341;2020-11-13;2
Abbott Xience PROX 3.0 mm x 23 mm (7120741915079);08717648164354;7120741;2020-12-13;1
Abbott Xience PROX 3.0 mm x 23 mm (8011141915692);08717648164354;8011141;2021-01-21;2
Abbott Xience PROX 3.0 mm x 23 mm (8012941915128);08717648164354;8012941;2021-02-08;2
Abbott Xience PROX 3.0 mm x 28 mm (6111041916527);08717648164361;6111041;2019-11-22;0
Abbott Xience PROX 3.0 mm x 28 mm (7040641915056);08717648164361;7040641;2020-04-19;0
Abbott Xience PROX 3.0 mm x 28 mm (7061241915932);08717648164361;7061241;2020-06-18;-2
Abbott Xience PROX 3.0 mm x 28 mm (7100441915527);08717648164361;7100441;2020-10-08;0
Abbott Xience PROX 3.0 mm x 28 mm (7111741915197);08717648164361;7111741;2020-11-22;2
Abbott Xience PROX 3.0 mm x 28 mm (7121341915403);08717648164361;7121341;2020-12-18;2
Abbott Xience PROX 3.0 mm x 28 mm (8010841915641);08717648164361;8010841;2021-01-17;1
Abbott Xience PROX 3.0 mm x 38 mm (7040741915219);08717648164385;7040741;2020-04-18;0
Abbott Xience PROX 3.0 mm x 38 mm (7051941915421);08717648164385;7051941;2020-05-30;-1
Abbott Xience PROX 3.0 mm x 38 mm (7102741916591);08717648164385;7102741;2020-11-09;1
Abbott Xience PROX 3.0 mm x 38 mm (7112341916759);08717648164385;7112341;2020-12-03;1
Abbott Xience PROX 3.0 mm x 8 mm (7011841915117);08717648164316;7011841;2020-01-24;0
Abbott Xience PROX 3.0 mm x 8 mm (7050341915167);08717648164316;7050341;2020-05-14;0
Abbott Xience PROX 3.0 mm x 8 mm (7062341915142);08717648164316;7062341;2020-07-04;0
Abbott Xience PROX 3.0 mm x 8 mm (7080441915213);08717648164316;7080441;2020-08-15;0
Abbott Xience PROX 3.0 mm x 8 mm (7101141915078);08717648164316;7101141;2020-10-18;2
Abbott Xience PROX 3.5 mm x 08 mm (6112841915236);08717648161834;6112841;2019-12-06;0
Abbott Xience PROX 3.5 mm x 08 mm (7082141915345);08717648161834;7082141;2020-08-30;1
Abbott Xience PROX 3.5 mm x 08 mm (7102641915416);08717648161834;7102641;2020-11-09;1
Abbott Xience PROX 3.5 mm x 12 mm (6112341915919);08717648161841;6112341;2019-11-30;0
Abbott Xience PROX 3.5 mm x 12 mm (7020941915258);08717648161841;7020941;2020-02-19;0
Abbott Xience PROX 3.5 mm x 12 mm (7030341915022);08717648161841;7030341;2020-03-12;-2
Abbott Xience PROX 3.5 mm x 12 mm (7050441915248);08717648161841;7050441;2020-05-14;-3
Abbott Xience PROX 3.5 mm x 12 mm (7062741915012);08717648161841;7062741;2020-07-03;-1
Abbott Xience PROX 3.5 mm x 12 mm (7080241915194);08717648161841;7080241;2020-08-13;0
Abbott Xience PROX 3.5 mm x 12 mm (7082841915063);08717648161841;7082841;2020-09-05;0
Abbott Xience PROX 3.5 mm x 12 mm (7102441915250);08717648161841;7102441;2020-10-30;0
Abbott Xience PROX 3.5 mm x 12 mm (7120741915956);08717648161841;7120741;2020-12-14;3
Abbott Xience PROX 3.5 mm x 12 mm (8030941915208);08717648161841;8030941;2021-03-18;2
Abbott Xience PROX 3.5 mm x 15 mm (7011141915375);08717648161858;7011141;2020-01-17;0
Abbott Xience PROX 3.5 mm x 15 mm (7013041915002);08717648161858;7013041;2020-02-06;0
Abbott Xience PROX 3.5 mm x 15 mm (7032241915811);08717648161858;7032241;2020-03-28;0
Abbott Xience PROX 3.5 mm x 15 mm (7042641915486);08717648161858;7042641;2020-05-03;0
Abbott Xience PROX 3.5 mm x 15 mm (7050941915123);08717648161858;7050941;2020-05-17;-2
Abbott Xience PROX 3.5 mm x 15 mm (7062741915043);08717648161858;7062741;2020-07-03;0
Abbott Xience PROX 3.5 mm x 15 mm (7071141915101);08717648161858;7071141;2020-07-18;-1
Abbott Xience PROX 3.5 mm x 15 mm (7091241915815);08717648161858;7091241;2020-09-18;1
Abbott Xience PROX 3.5 mm x 15 mm (7102341915002);08717648161858;7102341;2020-11-01;0
Abbott Xience PROX 3.5 mm x 15 mm (7111641915347);08717648161858;7111641;2020-11-21;0
Abbott Xience PROX 3.5 mm x 15 mm (7123041915216);08717648161858;7123041;2021-01-10;0
Abbott Xience PROX 3.5 mm x 15 mm (8013041915065);08717648161858;8013041;2021-02-08;7
Abbott Xience PROX 3.5 mm x 18 mm (6111841915667);08717648161865;6111841;2019-11-28;0
Abbott Xience PROX 3.5 mm x 18 mm (6122141916258);08717648161865;6122141;2020-01-11;0
Abbott Xience PROX 3.5 mm x 18 mm (7013141915116);08717648161865;7013141;2020-02-12;0
Abbott Xience PROX 3.5 mm x 18 mm (7021041915271);08717648161865;7021041;2020-02-19;0
Abbott Xience PROX 3.5 mm x 18 mm (7032841915011);08717648161865;7032841;2020-04-04;0
Abbott Xience PROX 3.5 mm x 18 mm (7041341915503);08717648161865;7041341;2020-04-25;0
Abbott Xience PROX 3.5 mm x 18 mm (7050441915447);08717648161865;7050441;2020-05-17;2
Abbott Xience PROX 3.5 mm x 18 mm (7062841915330);08717648161865;7062841;2020-07-05;0
Abbott Xience PROX 3.5 mm x 18 mm (7072141915027);08717648161865;7072141;2020-08-01;0
Abbott Xience PROX 3.5 mm x 18 mm (7082441915701);08717648161865;7082441;2020-08-30;0
Abbott Xience PROX 3.5 mm x 18 mm (7111741915043);08717648161865;7111741;2020-11-26;0
Abbott Xience PROX 3.5 mm x 18 mm (7112041915295);08717648161865;7112041;2020-11-26;1
Abbott Xience PROX 3.5 mm x 18 mm (8012341915425);08717648161865;8012341;2021-01-31;0
Abbott Xience PROX 3.5 mm x 18 mm (8020641915513);08717648161865;8020641;2021-02-14;5
Abbott Xience PROX 3.5 mm x 18 mm (8031441915627);08717648161865;8031441;2021-03-26;1
Abbott Xience PROX 3.5 mm x 23 mm (6101341916775);08717648161872;6101341;2019-10-18;0
Abbott Xience PROX 3.5 mm x 23 mm (7031541915100);08717648161872;7031541;2020-03-22;1
Abbott Xience PROX 3.5 mm x 23 mm (7041341915056);08717648161872;7041341;2020-04-23;0
Abbott Xience PROX 3.5 mm x 23 mm (7050441915610);08717648161872;7050441;2020-05-17;-1
Abbott Xience PROX 3.5 mm x 23 mm (7062041915169);08717648161872;7062041;2020-06-28;0
Abbott Xience PROX 3.5 mm x 23 mm (7071241915143);08717648161872;7071241;2020-07-19;0
Abbott Xience PROX 3.5 mm x 23 mm (7081841916082);08717648161872;7081841;2020-08-30;0
Abbott Xience PROX 3.5 mm x 23 mm (7101941915174);08717648161872;7101941;2020-10-31;0
Abbott Xience PROX 3.5 mm x 23 mm (7110741915630);08717648161872;7110741;2020-11-13;0
Abbott Xience PROX 3.5 mm x 23 mm (7120141915674);08717648161872;7120141;2020-12-11;1
Abbott Xience PROX 3.5 mm x 23 mm (8010941915099);08717648161872;8010941;2021-01-16;2
Abbott Xience PROX 3.5 mm x 23 mm (8022341915302);08717648161872;8022341;2021-03-12;1
Abbott Xience PROX 3.5 mm x 28 mm (6113041915743);08717648161889;6113041;2019-12-06;0
Abbott Xience PROX 3.5 mm x 28 mm (7022041915157);08717648161889;7022041;2020-02-23;0
Abbott Xience PROX 3.5 mm x 28 mm (7061241915236);08717648161889;7061241;2020-06-15;0
Abbott Xience PROX 3.5 mm x 28 mm (7082341915193);08717648161889;7082341;2020-09-04;2
Abbott Xience PROX 3.5 mm x 28 mm (7111541915023);08717648161889;7111541;2020-11-20;2
Abbott Xience PROX 3.5 mm x 28 mm (8020141915341);08717648161889;8020141;2021-02-11;3
Abbott Xience PROX 3.5 mm x 38 mm (6111441915459);08717648161902;6111441;2019-11-22;0
Abbott Xience PROX 3.5 mm x 38 mm (7111441915155);08717648161902;7111441;2020-11-20;1
Abbott Xience PROX 3.5 mm x 38 mm (8012741915359);08717648161902;8012741;2021-02-05;1
Abbott Xience PROX 4.0 mm x 08 mm (7031341915183);08717648164460;7031341;2020-03-21;1
Abbott Xience PROX 4.0 mm x 08 mm (7052241915310);08717648164460;7052241;2020-05-25;0
Abbott Xience PROX 4.0 mm x 08 mm (8011041915041);08717648164460;8011041;2021-01-18;1
Abbott Xience PROX 4.0 mm x 12 mm (7013141915322);08717648164477;7013141;2020-02-08;1
Abbott Xience PROX 4.0 mm x 12 mm (7062241915013);08717648164477;7062241;2020-07-04;0
Abbott Xience PROX 4.0 mm x 12 mm (7090441915010);08717648164477;7090441;2020-09-10;0
Abbott Xience PROX 4.0 mm x 12 mm (7091541915462);08717648164477;7091541;2020-09-25;1
Abbott Xience PROX 4.0 mm x 15 mm (7010341915096);08717648164484;7010341;2020-01-08;1
Abbott Xience PROX 4.0 mm x 15 mm (7042741915031);08717648164484;7042741;2020-05-09;0
Abbott Xience PROX 4.0 mm x 15 mm (7062741915042);08717648164484;7062741;2020-07-03;0
Abbott Xience PROX 4.0 mm x 15 mm (8022141915352);08717648164484;8022141;2021-03-08;1
Abbott Xience PROX 4.0 mm x 18 mm (6102541915482);08717648164491;6102541;2019-11-01;0
Abbott Xience PROX 4.0 mm x 18 mm (7022241915002);08717648164491;7022241;2020-02-29;1
Abbott Xience PROX 4.0 mm x 18 mm (7041841915311);08717648164491;7041841;2020-04-26;0
Abbott Xience PROX 4.0 mm x 18 mm (7051641915015);08717648164491;7051641;2020-05-22;-1
Abbott Xience PROX 4.0 mm x 18 mm (7062841915254);08717648164491;7062841;2020-07-03;0
Abbott Xience PROX 4.0 mm x 23 mm (6122241915668);08717648164507;6122241;2020-01-11;0
Abbott Xience PROX 4.0 mm x 23 mm (7050241915231);08717648164507;7050241;2020-05-09;0
Abbott Xience PROX 4.0 mm x 23 mm (7062241915151);08717648164507;7062241;2020-06-27;0
Abbott Xience PROX 4.0 mm x 23 mm (7101841915243);08717648164507;7101841;2020-10-25;1
Abbott Xience PROX 4.0 mm x 23 mm (8011541915168);08717648164507;8011541;2021-01-23;1
Abbott Xience PROX 4.0 mm x 28 mm (7081441915493);08717648164514;7081441;2020-08-24;1
Abbott Xience PROX 4.0 mm x 33 mm (7071241915137);08717648164521;7071241;2020-07-18;1
Abbott Xience PROX 4.0 mm x 38 mm (7032441915045);08717648164538;7032441;2020-04-02;1
BioMatrix Alpha 2.5 x 14 mm (W16040281);08888893018706;W16040281;2017-04-20;-1
BioMatrix Alpha 2.5 x 14 mm (W16040281D);08888893018706;W16040281D;2018-04-20;1
BioMatrix Alpha 2.5 x 36 mm (W16100620);08888893018751;W16100620;2017-11-02;1
BioMatrix Alpha 2.5 x 36 mm (W17040470);08888893018751;W17040470;2019-04-26;1
BioMatrix Alpha 2.50 x 19 mm (W16020331);08888893018713;W16020331;2017-03-07;-1
BioMatrix Alpha 2.50 x 24 mm (W17050310);08888893018720;W17050310;2019-05-22;1
BioMatrix Alpha 2.50 x 24 mm (W17110395);08888893018720;W17110395;2019-11-30;1
BioMatrix Alpha 2.50 x 33 mm (W16050384);08888893018744;W16050384;2017-06-01;1
BioMatrix Alpha 2.75 x 14 mm (W16030395D);08888893018775;W16030395D;2018-03-28;-1
BioMatrix Alpha 2.75 x 14 mm (W17120178);08888893018775;W17120178;2019-12-13;2
BioMatrix Alpha 2.75 x 14 mm (W18020178);08888893018775;W18020178;2020-02-19;1
BioMatrix Alpha 2.75 x 19 mm (W17030421);08888893018782;W17030421;2019-03-27;1
BioMatrix Alpha 2.75 x 19 mm (W17110391);08888893018782;W17110391;2019-11-30;1
BioMatrix Alpha 2.75 x 24 mm (W16050407D);08888893018799;W16050407D;2018-06-01;1
BioMatrix Alpha 2.75 x 29 mm (W16020202D);08888893018805;W16020202D;2018-02-28;1
BioMatrix Alpha 2.75 x 33 mm (W18010083);08888893018812;W18010083;2020-01-10;1
BioMatrix Alpha 3.00 x 09 mm (W17040468);08888893018836;W17040468;2019-04-26;1
BioMatrix Alpha 3.00 x 14 mm (W16030576);08888893018843;W16030576;2017-04-04;-1
BioMatrix Alpha 3.00 x 14 mm (W16030576D);08888893018843;W16030576D;2018-04-04;1
BioMatrix Alpha 3.00 x 14 mm (W16040283D);08888893018843;W16040283D;2018-04-20;1
BioMatrix Alpha 3.00 x 14 mm (W17060224);08888893018843;W17060224;2019-06-19;1
BioMatrix Alpha 3.00 x 14 mm (W17100057);08888893018843;W17100057;2019-10-10;1
BioMatrix Alpha 3.00 x 14 mm (W18020180);08888893018843;W18020180;2020-02-19;4
BioMatrix Alpha 3.00 x 19 mm (W16100609);08888893018850;W16100609;2017-11-02;-1
BioMatrix Alpha 3.00 x 19 mm (W17030221);08888893018850;W17030221;2019-03-16;-3
BioMatrix Alpha 3.00 x 19 mm (W17030441);08888893018850;W17030441;2019-03-29;-1
BioMatrix Alpha 3.00 x 19 mm (W17060083);08888893018850;W17060083;2019-06-12;1
BioMatrix Alpha 3.00 x 19 mm (W18010354);08888893018850;W18010354;2020-01-22;3
BioMatrix Alpha 3.00 x 19 mm (W18030449);08888893018850;W18030449;2020-04-02;3
BioMatrix Alpha 3.00 x 24 mm (W16100610);08888893018867;W16100610;2017-11-02;1
BioMatrix Alpha 3.00 x 24 mm (W17030227);08888893018867;W17030227;2019-03-16;1
BioMatrix Alpha 3.00 x 24 mm (W17040449);08888893018867;W17040449;2019-04-26;2
BioMatrix Alpha 3.00 x 24 mm (W17100058);08888893018867;W17100058;2019-10-10;1
BioMatrix Alpha 3.00 x 24 mm (W17110398);08888893018867;W17110398;2019-11-30;1
BioMatrix Alpha 3.00 x 29 mm (W17070095);08888893018874;W17070095;2019-07-07;1
BioMatrix Alpha 3.00 x 33 mm (W18010089);08888893018881;W18010089;2020-01-10;2
BioMatrix Alpha 3.00 x 36 mm (W16120080);08888893018898;W16120080;2017-12-13;1
BioMatrix Alpha 3.00 x 36 mm (W17030204);08888893018898;W17030204;2019-03-16;2
BioMatrix Alpha 3.5 x 09 mm (W17030103);08888893018904;W17030103;2019-03-06;1
BioMatrix Alpha 3.5 x 14 mm (W16030054);08888893018911;W16030054;2017-03-07;-1
BioMatrix Alpha 3.5 x 14 mm (W16030054D);08888893018911;W16030054D;2018-03-07;1
BioMatrix Alpha 3.5 x 14 mm (W17120379);08888893018911;W17120379;2019-12-26;3
BioMatrix Alpha 3.5 x 14 mm (W18020429);08888893018911;W18020429;2020-03-08;1
BioMatrix Alpha 3.5 x 19 mm (W16050106D);08888893018928;W16050106D;2018-05-09;-1
BioMatrix Alpha 3.5 x 19 mm (W17110511);08888893018928;W17110511;2019-12-05;3
BioMatrix Alpha 3.5 x 24 mm (W16040542);08888893018935;W16040542;2017-05-03;-3
BioMatrix Alpha 3.5 x 24 mm (W16040542D);08888893018935;W16040542D;2018-05-03;3
BioMatrix Alpha 3.5 x 24 mm (W17110516);08888893018935;W17110516;2019-12-05;3
BioMatrix Alpha 3.5 x 29 mm (W17090084);08888893018942;W17090084;2019-09-22;2
BioMatrix Alpha 3.5 x 36 mm (W17050313);08888893018966;W17050313;2019-05-22;1
BioMatrix Alpha 4.00 x 19 mm (W16040358);08888893018997;W16040358;2017-04-25;1
BioMatrix Alpha 4.00 x 19 mm (W16050126D);08888893018997;W16050126D;2018-05-11;3
BioMatrix Alpha 4.00 x 24 mm (W16050085D);08888893019000;W16050085D;2018-05-09;1
Abbott MINI TREK 1.50 mm x 15 mm/RX (70109G1915313);08717648138102;70109G1;2019-12-31;1
Abbott MINI TREK 2.0 mm x 20 mm/RX (70111G1916564);08717648138164;70111G1;2019-12-31;1
Abbott NC TREK 2.5 mm x 12 mm/RX (70221G1913235);08717648151750;70221G1;2020-01-31;1
Abbott NC TREK 2.5 mm x 12 mm/RX (70222G1914319);08717648151750;70222G1;2020-01-31;1
Abbott NC TREK 2.5 mm x 15 mm/RX (70210G2913423);08717648151767;70210G2;2020-01-31;2
Abbott NC TREK 3.0 mm x 25 mm/RX (70109G1914755);08717648151897;70109G1;2019-12-31;1
Abbott Xience 3.5 mm x 33 mm (7052441915198);08717648161896;7052441;2020-05-31;1
Abbott Xience 3.5 mm x 33 mm (7110741915164);08717648161896;7110741;2020-11-10;1
Abbott Xience PROX 2.5 mm x 15 mm (6111041916146);08717648164132;6111041;2019-11-22;0
Abbott Xience PROX 2.5 mm x 23 mm (6112341915174);08717648164156;6112341;2019-12-05;1
Abbott Xience PROX 2.5 mm x 23 mm (7041041915488);08717648164156;7041041;2020-04-20;1
Abbott Xience PROX 2.5 mm x 28 mm (7040441915180);08717648164163;7040441;2020-04-12;1
Abbott Xience PROX 2.5 mm x 28 mm (7071941915608);08717648164163;7071941;2020-07-26;1
Abbott Xience PROX 2.5 mm x 38 mm (6102641915027);08717648164187;6102641;2019-11-02;1
Abbott Xience PROX 2.5 mm x 38 mm (7033041915196);08717648164187;7033041;2020-04-09;1
Abbott Xience PROX 2.75 mm x 33 mm (7012441915117);08717648164279;7012441;2020-02-07;1
Abbott Xience PROX 3.0 mm x 12 mm (6112241915417);08717648164323;6112241;2019-11-30;0
Abbott Xience PROX 3.0 mm x 38 mm (6111641915217);08717648164385;6111641;2019-11-21;0
Abbott Xience PROX 3.0 mm x 38 mm (7082541915616);08717648164385;7082541;2020-09-05;1
Abbott Xience PROX 3.0 mm x 8 mm (6112241915247);08717648164316;6112241;2019-11-29;0
Abbott Xience PROX 3.0 mm x 8 mm (7090441915109);08717648164316;7090441;2020-09-10;1
Abbott Xience PROX 3.5 mm x 08 mm (7062841915274);08717648161834;7062841;2020-07-05;1
Abbott Xience PROX 3.5 mm x 15 mm (6111041915003);08717648161858;6111041;2019-11-22;0
Abbott Xience PROX 3.5 mm x 28 mm (6110941915078);08717648161889;6110941;2019-11-22;0
Abbott Xience PROX 4.0 mm x 18 mm (7081541915422);08717648164491;7081541;2020-08-24;1
Abbott Xience PROX 4.0 mm x 18 mm (7092741915105);08717648164491;7092741;2020-10-04;1
Abbott Xience PROX 4.0 mm x 28 mm (7061441915300);08717648164514;7061441;2020-06-19;1
Abbott Xience PROX 4.0 mm x 33 mm (7041441915105);08717648164521;7041441;2020-04-25;1
Abbott Xience PROX 4.0 mm x 38 mm (6080541915390);08717648164538;6080541;2019-08-14;1
BioMatrix Alpha 2.5 x 14 mm (W16040284D);08888893018706;W16040284D;2018-04-20;1
BioMatrix Alpha 2.50 x 19 mm (W16020331D);08888893018713;W16020331D;2018-03-07;1
BioMatrix Alpha 2.50 x 19 mm (W17030440);08888893018713;W17030440;2019-03-29;1
BioMatrix Alpha 2.50 x 29 mm (W15120155);08888893018737;W15120155;2016-12-14;1
BioMatrix Alpha 2.50 x 29 mm (W16120074);08888893018737;W16120074;2017-12-13;1
BioMatrix Alpha 2.50 x 33 mm (W16040527);08888893018744;W16040527;2017-05-03;1
BioMatrix Alpha 2.75 x 09 mm (W17030098);08888893018768;W17030098;2019-03-06;1
BioMatrix Alpha 2.75 x 19 mm (W16030568);08888893018782;W16030568;2017-04-04;1
BioMatrix Alpha 2.75 x 24 mm (W16120355);08888893018799;W16120355;2017-12-28;1
BioMatrix Alpha 2.75 x 36 mm (W16050387);08888893018829;W16050387;2017-06-01;1
BioMatrix Alpha 3.00 x 29 mm (W17030339);08888893018874;W17030339;2019-03-22;1
BioMatrix Alpha 3.5 x 36 mm (W16040537D);08888893018966;W16040537D;2018-05-03;1
BioMatrix Alpha 4.0 x 29 mm (W16100602);08888893019017;W16100602;2017-11-02;1
BioMatrix Alpha 4.00 x 09 mm (W16030571D);08888893018973;W16030571D;2018-04-04;1
BioMatrix NeoFlex 2.75 x 28mm (W16030262);08888893016320;W16030262;2018-03-16;-1
Abbott MINI TREK 1.20 mm x 06 mm/RX (70822G1914317);08717648138027;70822G1;2020-07-31;0
Abbott MINI TREK 1.20 mm x 08 mm/RX (70606G1915174);08717648138034;70606G1;2020-05-31;-1
Abbott MINI TREK 1.20 mm x 12 mm/RX (61121G1);08717648138041;61121G1;2019-10-31;1
Abbott MINI TREK 1.20 mm x 12 mm/RX (70908G1913473);08717648138041;70908G1;2020-08-31;0
Abbott MINI TREK 1.50 mm x 08 mm/RX (60830G2);08717648138089;60830G2;2019-07-31;0
Abbott MINI TREK 1.50 mm x 08 mm/RX (70925G1915173);08717648138089;70925G1;2020-08-31;0
Abbott MINI TREK 1.50 mm x 08 mm/RX (71023G1913641);08717648138089;71023G1;2020-09-30;0
Abbott MINI TREK 1.50 mm x 08 mm/RX (71124G1913537);08717648138089;71124G1;2020-10-31;2
Abbott MINI TREK 1.50 mm x 08 mm/RX (80115G1913957);08717648138089;80115G1;2020-12-31;1
Abbott MINI TREK 1.50 mm x 12 mm/RX (70601G1915433);08717648138096;70601G1;2020-05-31;0
Abbott MINI TREK 1.50 mm x 12 mm/RX (70913G1914321);08717648138096;70913G1;2020-08-31;0
Abbott MINI TREK 1.50 mm x 12 mm/RX (71024G1913934);08717648138096;71024G1;2020-09-30;0
Abbott MINI TREK 1.50 mm x 12 mm/RX (71115G1914207);08717648138096;71115G1;2020-10-31;0
Abbott MINI TREK 1.50 mm x 12 mm/RX (71201G1913529);08717648138096;71201G1;2020-11-30;0
Abbott MINI TREK 1.50 mm x 12 mm/RX (80102G1915042);08717648138096;80102G1;2020-12-31;2
Abbott MINI TREK 1.50 mm x 12 mm/RX (80202G1915960);08717648138096;80202G1;2021-01-31;1
Abbott MINI TREK 1.50 mm x 12 mm/RX (80302G1914321);08717648138096;80302G1;2021-02-28;1
Abbott MINI TREK 1.50 mm x 15 mm/RX (71011G1914740);08717648138102;71011G1;2020-09-30;0
Abbott MINI TREK 1.50 mm x 15 mm/RX (80102G1916957);08717648138102;80102G1;2020-12-31;0
Abbott MINI TREK 1.50 mm x 15 mm/RX (80209G1916255);08717648138102;80209G1;2021-01-31;0
Abbott MINI TREK 1.50 mm x 15 mm/RX (80209G2913798);08717648138102;80209G2;2021-01-31;3
Abbott MINI TREK 1.50 mm x 20 mm/RX (61121G1);08717648138119;61121G1;2019-10-31;0
Abbott MINI TREK 1.50 mm x 20 mm/RX (70221G1916316);08717648138119;70221G1;2020-01-31;0
Abbott MINI TREK 1.50 mm x 20 mm/RX (80122G1913692);08717648138119;80122G1;2020-12-31;3
Abbott MINI TREK 2.0 mm x 06 mm/RX (60901G1913405);08717648138126;60901G1;2019-08-31;1
Abbott MINI TREK 2.0 mm x 08 mm/RX (70126G1913072);08717648138133;70126G1;2019-12-31;0
Abbott MINI TREK 2.0 mm x 08 mm/RX (71123G1914419);08717648138133;71123G1;2020-10-31;0
Abbott MINI TREK 2.0 mm x 08 mm/RX (71207G1915157);08717648138133;71207G1;2020-11-30;2
Abbott MINI TREK 2.0 mm x 12 mm/RX (61126G4913898);08717648138140;61126G4;2019-10-31;0
Abbott MINI TREK 2.0 mm x 12 mm/RX (70624G1914851);08717648138140;70624G1;2020-05-31;0
Abbott MINI TREK 2.0 mm x 12 mm/RX (71004G1914285);08717648138140;71004G1;2020-09-30;0
Abbott MINI TREK 2.0 mm x 12 mm/RX (71020G2914243);08717648138140;71020G2;2020-09-30;0
Abbott MINI TREK 2.0 mm x 12 mm/RX (71116G2915074);08717648138140;71116G2;2020-10-31;1
Abbott MINI TREK 2.0 mm x 12 mm/RX (71130G1914079);08717648138140;71130G1;2020-10-31;0
Abbott MINI TREK 2.0 mm x 12 mm/RX (71130G2914634);08717648138140;71130G2;2020-10-31;0
Abbott MINI TREK 2.0 mm x 12 mm/RX (71207G2916038);08717648138140;71207G2;2020-11-30;0
Abbott MINI TREK 2.0 mm x 12 mm/RX (71211G2913990);08717648138140;71211G2;2020-11-30;0
Abbott MINI TREK 2.0 mm x 12 mm/RX (80102G1914369);08717648138140;80102G1;2020-12-31;0
Abbott MINI TREK 2.0 mm x 12 mm/RX (80115G2914645);08717648138140;80115G2;2020-12-31;0
Abbott MINI TREK 2.0 mm x 12 mm/RX (80219G1913601);08717648138140;80219G1;2021-01-31;0
Abbott MINI TREK 2.0 mm x 12 mm/RX (80222G1916059);08717648138140;80222G1;2021-01-31;5
Abbott MINI TREK 2.0 mm x 12 mm/RX (80313G1913331);08717648138140;80313G1;2021-02-28;0
Abbott MINI TREK 2.0 mm x 12 mm/RX (80313G2913587);08717648138140;80313G2;2021-02-28;3
Abbott MINI TREK 2.0 mm x 12 mm/RX (80319G1915834);08717648138140;80319G1;2021-02-28;1
Abbott MINI TREK 2.0 mm x 15 mm/RX (61222G1913766);08717648138157;61222G1;2019-11-30;0
Abbott MINI TREK 2.0 mm x 15 mm/RX (70328G1914456);08717648138157;70328G1;2020-02-29;0
Abbott MINI TREK 2.0 mm x 15 mm/RX (70512G1914840);08717648138157;70512G1;2020-04-30;0
Abbott MINI TREK 2.0 mm x 15 mm/RX (70817G1913504);08717648138157;70817G1;2020-07-31;-1
Abbott MINI TREK 2.0 mm x 15 mm/RX (71013G1914273);08717648138157;71013G1;2020-09-30;1
Abbott MINI TREK 2.0 mm x 15 mm/RX (71024G1914700);08717648138157;71024G1;2020-09-30;0
Abbott MINI TREK 2.0 mm x 15 mm/RX (71107G1916221);08717648138157;71107G1;2020-10-31;1
Abbott MINI TREK 2.0 mm x 15 mm/RX (71116G1913073);08717648138157;71116G1;2020-10-31;0
Abbott MINI TREK 2.0 mm x 15 mm/RX (71117G1913119);08717648138157;71117G1;2020-10-31;0
Abbott MINI TREK 2.0 mm x 15 mm/RX (71127G1914729);08717648138157;71127G1;2020-10-31;0
Abbott MINI TREK 2.0 mm x 15 mm/RX (71219G1913659);08717648138157;71219G1;2020-11-30;0
Abbott MINI TREK 2.0 mm x 15 mm/RX (71219G2914713);08717648138157;71219G2;2020-11-30;0
Abbott MINI TREK 2.0 mm x 15 mm/RX (80103G1913717);08717648138157;80103G1;2020-12-31;0
Abbott MINI TREK 2.0 mm x 15 mm/RX (80109G1913917);08717648138157;80109G1;2020-12-31;0
Abbott MINI TREK 2.0 mm x 15 mm/RX (80122G1916225);08717648138157;80122G1;2020-12-31;0
Abbott MINI TREK 2.0 mm x 15 mm/RX (80123G1913031);08717648138157;80123G1;2020-12-31;1
Abbott MINI TREK 2.0 mm x 15 mm/RX (80209G1917121);08717648138157;80209G1;2021-01-31;1
Abbott MINI TREK 2.0 mm x 15 mm/RX (80214G1913646);08717648138157;80214G1;2021-01-31;-1
Abbott MINI TREK 2.0 mm x 15 mm/RX (80228G1914814);08717648138157;80228G1;2021-01-31;1
Abbott MINI TREK 2.0 mm x 15 mm/RX (80301G1916070);08717648138157;80301G1;2021-02-28;2
Abbott MINI TREK 2.0 mm x 15 mm/RX (80305G1913015);08717648138157;80305G1;2021-02-28;2
Abbott MINI TREK 2.0 mm x 15 mm/RX (80306G1914462);08717648138157;80306G1;2021-02-28;1
Abbott MINI TREK 2.0 mm x 20 mm/RX (61208G1);08717648138164;61208G1;2019-11-30;0
Abbott MINI TREK 2.0 mm x 20 mm/RX (70411G1913782);08717648138164;70411G1;2020-03-31;0
Abbott MINI TREK 2.0 mm x 20 mm/RX (70610G1913801);08717648138164;70610G1;2020-05-31;0
Abbott MINI TREK 2.0 mm x 20 mm/RX (70731G1913883);08717648138164;70731G1;2020-06-30;-2
Abbott MINI TREK 2.0 mm x 20 mm/RX (71011G1916044);08717648138164;71011G1;2020-09-30;0
Abbott MINI TREK 2.0 mm x 20 mm/RX (71101G1913709);08717648138164;71101G1;2020-10-31;0
Abbott MINI TREK 2.0 mm x 20 mm/RX (71113G1916258);08717648138164;71113G1;2020-10-31;0
Abbott MINI TREK 2.0 mm x 20 mm/RX (71120G1913435);08717648138164;71120G1;2020-10-31;0
Abbott MINI TREK 2.0 mm x 20 mm/RX (71128G1913943);08717648138164;71128G1;2020-10-31;0
Abbott MINI TREK 2.0 mm x 20 mm/RX (71205G1915957);08717648138164;71205G1;2020-11-30;0
Abbott MINI TREK 2.0 mm x 20 mm/RX (80103G1915755);08717648138164;80103G1;2020-12-31;1
Abbott MINI TREK 2.0 mm x 20 mm/RX (80105G1913572);08717648138164;80105G1;2020-12-31;0
Abbott MINI TREK 2.0 mm x 20 mm/RX (80129G1914109);08717648138164;80129G1;2020-12-31;0
Abbott MINI TREK 2.0 mm x 20 mm/RX (80222G1914375);08717648138164;80222G1;2021-01-31;0
Abbott MINI TREK 2.0 mm x 20 mm/RX (80226G2914798);08717648138164;80226G2;2021-01-31;1
Abbott MINI TREK 2.0 mm x 20 mm/RX (80307G1913078);08717648138164;80307G1;2021-02-28;4
Abbott MINI TREK 2.0 mm x 20 mm/RX (80412G1916500);08717648138164;80412G1;2021-03-31;1
Abbott MINI TREK 2.0 mm x 30 mm/RX (70926G1914997);08717648138188;70926G1;2020-08-31;0
Abbott MINI TREK 2.0 mm x 30 mm/RX (80109G1913528);08717648138188;80109G1;2020-12-31;2
Abbott NC TREK 1.5 mm x 15 mm/RX (60929G1);08717648151606;60929G1;2019-08-31;0
Abbott NC TREK 1.5 mm x 8 mm/RX (61101G1);08717648151583;61101G1;2019-10-31;2
Abbott NC TREK 1.5 mm x 8 mm/RX (70922G1913148);08717648151583;70922G1;2020-08-31;1
Abbott NC TREK 2.0 mm x 12 mm/RX (61208G1);08717648151644;61208G1;2019-11-30;2
Abbott NC TREK 2.0 mm x 12 mm/RX (70321G1913155);08717648151644;70321G1;2020-02-29;-1
Abbott NC TREK 2.0 mm x 12 mm/RX (70706G1913046);08717648151644;70706G1;2020-06-30;0
Abbott NC TREK 2.0 mm x 12 mm/RX (70905G1913024);08717648151644;70905G1;2020-08-31;0
Abbott NC TREK 2.0 mm x 12 mm/RX (71102G1913096);08717648151644;71102G1;2020-10-31;0
Abbott NC TREK 2.0 mm x 12 mm/RX (80102G1913942);08717648151644;80102G1;2020-12-31;1
Abbott NC TREK 2.0 mm x 12 mm/RX (80207G1913379);08717648151644;80207G1;2021-01-31;2
Abbott NC TREK 2.0 mm x 15 mm/RX (61109G1);08717648151651;61109G1;2019-10-31;-1
Abbott NC TREK 2.0 mm x 15 mm/RX (70221G1913224);08717648151651;70221G1;2020-01-31;-1
Abbott NC TREK 2.0 mm x 15 mm/RX (70706G1913162);08717648151651;70706G1;2020-06-30;0
Abbott NC TREK 2.0 mm x 15 mm/RX (70831G1913002);08717648151651;70831G1;2020-07-31;0
Abbott NC TREK 2.0 mm x 15 mm/RX (70831G2913007);08717648151651;70831G2;2020-07-31;0
Abbott NC TREK 2.0 mm x 15 mm/RX (70925G1913647);08717648151651;70925G1;2020-08-31;0
Abbott NC TREK 2.0 mm x 15 mm/RX (71111G1913043);08717648151651;71111G1;2020-10-31;0
Abbott NC TREK 2.0 mm x 15 mm/RX (71211G1914547);08717648151651;71211G1;2020-11-30;1
Abbott NC TREK 2.0 mm x 15 mm/RX (80208G2913858);08717648151651;80208G2;2021-01-31;0
Abbott NC TREK 2.0 mm x 15 mm/RX (80309G1913105);08717648151651;80309G1;2021-02-28;7
Abbott NC TREK 2.0 mm x 20 mm/RX (70220G1913452);08717648151668;70220G1;2020-01-31;0
Abbott NC TREK 2.0 mm x 20 mm/RX (70704G1914243);08717648151668;70704G1;2020-06-30;-1
Abbott NC TREK 2.0 mm x 20 mm/RX (70731G1914329);08717648151668;70731G1;2020-06-30;2
Abbott NC TREK 2.0 mm x 20 mm/RX (70928G1913038);08717648151668;70928G1;2020-08-31;3
Abbott NC TREK 2.0 mm x 20 mm/RX (80117G1913115);08717648151668;80117G1;2020-12-31;2
Abbott NC TREK 2.0 mm x 20 mm/RX (80302G1914816);08717648151668;80302G1;2021-02-28;2
Abbott NC TREK 2.0 mm x 6 mm/RX (61028G1913131);08717648151620;61028G1;2019-09-30;1
Abbott NC TREK 2.5 mm x 12 mm/RX (61111G2);08717648151750;61111G2;2019-10-31;1
Abbott NC TREK 2.5 mm x 12 mm/RX (70309G1914962);08717648151750;70309G1;2020-02-29;0
Abbott NC TREK 2.5 mm x 12 mm/RX (70712G1913472);08717648151750;70712G1;2020-06-30;0
Abbott NC TREK 2.5 mm x 12 mm/RX (70925G1915010);08717648151750;70925G1;2020-08-31;0
Abbott NC TREK 2.5 mm x 12 mm/RX (71025G1913318);08717648151750;71025G1;2020-09-30;1
Abbott NC TREK 2.5 mm x 12 mm/RX (71028G1913606);08717648151750;71028G1;2020-09-30;0
Abbott NC TREK 2.5 mm x 12 mm/RX (71118G1914298);08717648151750;71118G1;2020-10-31;0
Abbott NC TREK 2.5 mm x 12 mm/RX (71206G1913567);08717648151750;71206G1;2020-11-30;1
Abbott NC TREK 2.5 mm x 12 mm/RX (80102G1913870);08717648151750;80102G1;2020-12-31;0
Abbott NC TREK 2.5 mm x 12 mm/RX (80119G1913054);08717648151750;80119G1;2020-12-31;2
Abbott NC TREK 2.5 mm x 12 mm/RX (80207G1914461);08717648151750;80207G1;2021-01-31;2
Abbott NC TREK 2.5 mm x 12 mm/RX (80227G1913167);08717648151750;80227G1;2021-01-31;3
Abbott NC TREK 2.5 mm x 12 mm/RX (80302G1913125);08717648151750;80302G1;2021-02-28;2
Abbott NC TREK 2.5 mm x 12 mm/RX (80321G1913294);08717648151750;80321G1;2021-02-28;4
Abbott NC TREK 2.5 mm x 15 mm/RX (70304G1913673);08717648151767;70304G1;2020-02-29;0
Abbott NC TREK 2.5 mm x 15 mm/RX (70417G1913509);08717648151767;70417G1;2020-03-31;0
Abbott NC TREK 2.5 mm x 15 mm/RX (70611G1914386);08717648151767;70611G1;2020-05-31;0
Abbott NC TREK 2.5 mm x 15 mm/RX (70709G1914083);08717648151767;70709G1;2020-06-30;0
Abbott NC TREK 2.5 mm x 15 mm/RX (70811G1913066);08717648151767;70811G1;2020-07-31;0
Abbott NC TREK 2.5 mm x 15 mm/RX (70816G1914672);08717648151767;70816G1;2020-07-31;0
Abbott NC TREK 2.5 mm x 15 mm/RX (70927G1913288);08717648151767;70927G1;2020-08-31;0
Abbott NC TREK 2.5 mm x 15 mm/RX (70928G1913030);08717648151767;70928G1;2020-08-31;1
Abbott NC TREK 2.5 mm x 15 mm/RX (71012G3913816);08717648151767;71012G3;2020-09-30;0
Abbott NC TREK 2.5 mm x 15 mm/RX (71026G2913342);08717648151767;71026G2;2020-09-30;-1
Abbott NC TREK 2.5 mm x 15 mm/RX (71127G2914144);08717648151767;71127G2;2020-10-31;0
Abbott NC TREK 2.5 mm x 15 mm/RX (80126G1914326);08717648151767;80126G1;2020-12-31;0
Abbott NC TREK 2.5 mm x 15 mm/RX (80223G1913233);08717648151767;80223G1;2021-01-31;2
Abbott NC TREK 2.5 mm x 15 mm/RX (80302G2913418);08717648151767;80302G2;2021-02-28;2
Abbott NC TREK 2.5 mm x 15 mm/RX (80309G1913452);08717648151767;80309G1;2021-02-28;1
Abbott NC TREK 2.5 mm x 15 mm/RX (80403G1913291);08717648151767;80403G1;2021-03-31;5
Abbott NC TREK 2.5 mm x 20 mm/RX (71005G1914001);08717648151774;71005G1;2020-09-30;0
Abbott NC TREK 2.5 mm x 20 mm/RX (71010G1914879);08717648151774;71010G1;2020-09-30;0
Abbott NC TREK 2.5 mm x 20 mm/RX (80112G1914944);08717648151774;80112G1;2020-12-31;0
Abbott NC TREK 2.5 mm x 20 mm/RX (80201G1913023);08717648151774;80201G1;2021-01-31;2
Abbott NC TREK 2.5 mm x 20 mm/RX (80313G1913228);08717648151774;80313G1;2021-02-28;2
Abbott NC TREK 2.5 mm x 20 mm/RX (80323G1913017);08717648151774;80323G1;2021-02-28;3
Abbott NC TREK 2.5 mm x 6 mm/RX (70302G1913799);08717648151736;70302G1;2020-02-29;2
Abbott NC TREK 2.5 mm x 8 mm/RX (70728G1913051);08717648151743;70728G1;2020-06-30;0
Abbott NC TREK 2.5 mm x 8 mm/RX (80212G1913783);08717648151743;80212G1;2021-01-31;1
Abbott NC TREK 3.0 mm x 12 mm/RX (70323G1913748);08717648151866;70323G1;2020-02-29;0
Abbott NC TREK 3.0 mm x 12 mm/RX (70405G2913376);08717648151866;70405G2;2020-03-31;0
Abbott NC TREK 3.0 mm x 12 mm/RX (70520G2914415);08717648151866;70520G2;2020-04-30;0
Abbott NC TREK 3.0 mm x 12 mm/RX (70830G1914420);08717648151866;70830G1;2020-07-31;0
Abbott NC TREK 3.0 mm x 12 mm/RX (70831G1915167);08717648151866;70831G1;2020-07-31;0
Abbott NC TREK 3.0 mm x 12 mm/RX (71003G1914213);08717648151866;71003G1;2020-09-30;0
Abbott NC TREK 3.0 mm x 12 mm/RX (71027G1913720);08717648151866;71027G1;2020-09-30;0
Abbott NC TREK 3.0 mm x 12 mm/RX (80102G1915050);08717648151866;80102G1;2020-12-31;0
Abbott NC TREK 3.0 mm x 12 mm/RX (80117G1914696);08717648151866;80117G1;2020-12-31;2
Abbott NC TREK 3.0 mm x 12 mm/RX (80119G1914628);08717648151866;80119G1;2020-12-31;-1
Abbott NC TREK 3.0 mm x 12 mm/RX (80124G1914332);08717648151866;80124G1;2020-12-31;2
Abbott NC TREK 3.0 mm x 12 mm/RX (80201G1915100);08717648151866;80201G1;2021-01-31;2
Abbott NC TREK 3.0 mm x 12 mm/RX (80208G1913312);08717648151866;80208G1;2021-01-31;1
Abbott NC TREK 3.0 mm x 12 mm/RX (80305G2913283);08717648151866;80305G2;2021-02-28;1
Abbott NC TREK 3.0 mm x 15 mm/RX (70331G2914576);08717648151873;70331G2;2020-02-29;0
Abbott NC TREK 3.0 mm x 15 mm/RX (70407G1913002);08717648151873;70407G1;2020-03-31;-1
Abbott NC TREK 3.0 mm x 15 mm/RX (70826G1913731);08717648151873;70826G1;2020-07-31;0
Abbott NC TREK 3.0 mm x 15 mm/RX (70902G1913079);08717648151873;70902G1;2020-08-31;0
Abbott NC TREK 3.0 mm x 15 mm/RX (71030G1913491);08717648151873;71030G1;2020-09-30;0
Abbott NC TREK 3.0 mm x 15 mm/RX (71108G1914705);08717648151873;71108G1;2020-10-31;0
Abbott NC TREK 3.0 mm x 15 mm/RX (71110G1914048);08717648151873;71110G1;2020-10-31;0
Abbott NC TREK 3.0 mm x 15 mm/RX (71130G1913043);08717648151873;71130G1;2020-10-31;0
Abbott NC TREK 3.0 mm x 15 mm/RX (80110G1913282);08717648151873;80110G1;2020-12-31;0
Abbott NC TREK 3.0 mm x 15 mm/RX (80115G1913054);08717648151873;80115G1;2020-12-31;0
Abbott NC TREK 3.0 mm x 15 mm/RX (80115G2913439);08717648151873;80115G2;2020-12-31;1
Abbott NC TREK 3.0 mm x 15 mm/RX (80129G1913302);08717648151873;80129G1;2020-12-31;0
Abbott NC TREK 3.0 mm x 15 mm/RX (80223G2913132);08717648151873;80223G2;2021-01-31;0
Abbott NC TREK 3.0 mm x 15 mm/RX (80228G1914206);08717648151873;80228G1;2021-01-31;2
Abbott NC TREK 3.0 mm x 15 mm/RX (80310G1913525);08717648151873;80310G1;2021-02-28;3
Abbott NC TREK 3.0 mm x 15 mm/RX (80310G2914580);08717648151873;80310G2;2021-02-28;1
Abbott NC TREK 3.0 mm x 15 mm/RX (80323G2913860);08717648151873;80323G2;2021-02-28;3
Abbott NC TREK 3.0 mm x 20 mm/RX (70331G1914005);08717648151880;70331G1;2020-02-29;-2
Abbott NC TREK 3.0 mm x 20 mm/RX (70818G1913244);08717648151880;70818G1;2020-07-31;-1
Abbott NC TREK 3.0 mm x 20 mm/RX (70821G1914350);08717648151880;70821G1;2020-07-31;0
Abbott NC TREK 3.0 mm x 20 mm/RX (71020G1914736);08717648151880;71020G1;2020-09-30;0
Abbott NC TREK 3.0 mm x 20 mm/RX (71023G1913281);08717648151880;71023G1;2020-09-30;0
Abbott NC TREK 3.0 mm x 20 mm/RX (80209G1913596);08717648151880;80209G1;2021-01-31;3
Abbott NC TREK 3.0 mm x 20 mm/RX (80316G1913763);08717648151880;80316G1;2021-02-28;1
Abbott NC TREK 3.0 mm x 20 mm/RX (80321G2914627);08717648151880;80321G2;2021-02-28;1
Abbott NC TREK 3.0 mm x 25 mm/RX (70606G1914156);08717648151897;70606G1;2020-05-31;2
Abbott NC TREK 3.0 mm x 25 mm/RX (70704G1913967);08717648151897;70704G1;2020-06-30;2
Abbott NC TREK 3.0 mm x 6 mm/RX (70315G1913633);08717648151842;70315G1;2020-02-29;0
Abbott NC TREK 3.0 mm x 6 mm/RX (70817G1913386);08717648151842;70817G1;2020-07-31;0
Abbott NC TREK 3.0 mm x 6 mm/RX (80208G1913238);08717648151842;80208G1;2021-01-31;1
Abbott NC TREK 3.5 mm x 12 mm/RX (70201G2913219);08717648151972;70201G2;2020-01-31;0
Abbott NC TREK 3.5 mm x 12 mm/RX (70718G1914940);08717648151972;70718G1;2020-06-30;0
Abbott NC TREK 3.5 mm x 12 mm/RX (70914G1913319);08717648151972;70914G1;2020-08-31;0
Abbott NC TREK 3.5 mm x 12 mm/RX (71212G1914035);08717648151972;71212G1;2020-11-30;0
Abbott NC TREK 3.5 mm x 12 mm/RX (80112G1914288);08717648151972;80112G1;2020-12-31;0
Abbott NC TREK 3.5 mm x 12 mm/RX (80115G1913161);08717648151972;80115G1;2020-12-31;4
Abbott NC TREK 3.5 mm x 12 mm/RX (80314G1914392);08717648151972;80314G1;2021-02-28;1
Abbott NC TREK 3.5 mm x 12 mm/RX (80319G2913799);08717648151972;80319G2;2021-02-28;2
Abbott NC TREK 3.5 mm x 12 mm/RX (80321G1913107);08717648151972;80321G1;2021-02-28;1
Abbott NC TREK 3.5 mm x 12 mm/RX (80326G1913066);08717648151972;80326G1;2021-02-28;1
Abbott NC TREK 3.5 mm x 12 mm/RX (80409G1914172);08717648151972;80409G1;2021-03-31;1
Abbott NC TREK 3.5 mm x 15 mm/RX (70602G2913255);08717648151989;70602G2;2020-05-31;0
Abbott NC TREK 3.5 mm x 15 mm/RX (70824G1913481);08717648151989;70824G1;2020-07-31;0
Abbott NC TREK 3.5 mm x 15 mm/RX (70826G1913976);08717648151989;70826G1;2020-07-31;0
Abbott NC TREK 3.5 mm x 15 mm/RX (70830G1914834);08717648151989;70830G1;2020-07-31;1
Abbott NC TREK 3.5 mm x 15 mm/RX (71021G1914508);08717648151989;71021G1;2020-09-30;0
Abbott NC TREK 3.5 mm x 15 mm/RX (71122G1914622);08717648151989;71122G1;2020-10-31;0
Abbott NC TREK 3.5 mm x 15 mm/RX (80127G2913212);08717648151989;80127G2;2020-12-31;3
Abbott NC TREK 3.5 mm x 15 mm/RX (80301G2913137);08717648151989;80301G2;2021-02-28;3
Abbott NC TREK 3.5 mm x 6 mm/RX (70808G1914370);08717648151958;70808G1;2020-07-31;0
Abbott NC TREK 3.5 mm x 6 mm/RX (80108G1913422);08717648151958;80108G1;2020-12-31;1
Abbott NC TREK 3.5 mm x 8 mm/RX (70726G1913503);08717648151965;70726G1;2020-06-30;0
Abbott NC TREK 3.5 mm x 8 mm/RX (71201G2913107);08717648151965;71201G2;2020-11-30;0
Abbott NC TREK 3.5 mm x 8 mm/RX (71218G2914220);08717648151965;71218G2;2020-11-30;1
Abbott NC TREK 3.5 mm x 8 mm/RX (80321G1913275);08717648151965;80321G1;2021-02-28;1
Abbott NC TREK 3.75 mm x 15 mm/RX (70803G1915538);08717648152030;70803G1;2020-07-31;1
Abbott NC TREK 4.0 mm x 12 mm/RX (70810G1914390);08717648152061;70810G1;2020-07-31;0
Abbott NC TREK 4.0 mm x 12 mm/RX (80110G2914112);08717648152061;80110G2;2020-12-31;0
Abbott NC TREK 4.0 mm x 12 mm/RX (80123G1913930);08717648152061;80123G1;2020-12-31;0
Abbott NC TREK 4.0 mm x 12 mm/RX (80405G1914987);08717648152061;80405G1;2021-03-31;1
Abbott NC TREK 4.0 mm x 12 mm/RX (80405G2914413);08717648152061;80405G2;2021-03-31;1
Abbott NC TREK 4.0 mm x 15 mm/RX (80123G1914681);08717648152078;80123G1;2020-12-31;2
Abbott NC TREK 4.0 mm x 20 mm/RX (80106G1913232);08717648152085;80106G1;2020-12-31;1
Abbott NC TREK 4.0 mm x 8 mm/RX (71114G1914835);08717648152054;71114G1;2020-10-31;0
Abbott NC TREK 4.0 mm x 8 mm/RX (71127G1913473);08717648152054;71127G1;2020-10-31;0
Abbott NC TREK 4.0 mm x 8 mm/RX (71201G1913299);08717648152054;71201G1;2020-11-30;0
Abbott NC TREK 4.0 mm x 8 mm/RX (71212G1913055);08717648152054;71212G1;2020-11-30;0
Abbott NC TREK 4.0 mm x 8 mm/RX (80206G1913630);08717648152054;80206G1;2021-01-31;0
Abbott NC TREK 4.0 mm x 8 mm/RX (80326G3913067);08717648152054;80326G3;2021-02-28;1
Abbott NC TREK 4.0 mm x 8 mm/RX (80412G1913107);08717648152054;80412G1;2021-03-31;2
Abbott NC TREK 4.0 mm x 8 mm/RX (80425G1914786);08717648152054;80425G1;2021-03-31;1
Abbott NC TREK 4.5 mm x 20 mm/RX (70809G1914390);08717648152122;70809G1;2020-07-31;1
Abbott NC TREK 4.5 mm x 8 mm/RX (70811G1914405);08717648152092;70811G1;2020-07-31;0
Abbott NC TREK 4.5 mm x 8 mm/RX (71111G1915255);08717648152092;71111G1;2020-10-31;0
Abbott NC TREK 4.5 mm x 8 mm/RX (71206G1913776);08717648152092;71206G1;2020-11-30;0
Abbott NC TREK 4.5 mm x 8 mm/RX (80228G1913975);08717648152092;80228G1;2021-01-31;1
Abbott NC TREK 4.5 mm x 8 mm/RX (80413G1913850);08717648152092;80413G1;2021-03-31;2
Abbott NC TREK 5.0 mm x 12 mm/RX (70807G1913927);08717648152146;70807G1;2020-07-31;1
Abbott TREK 2.50 mm x 12 mm/RX (70102G1913387);08717648138287;70102G1;2019-12-31;1
Abbott TREK 2.50 mm x 12 mm/RX (70327G1916827);08717648138287;70327G1;2020-02-29;0
Abbott TREK 2.50 mm x 12 mm/RX (70428G2913369);08717648138287;70428G2;2020-03-31;0
Abbott TREK 2.50 mm x 12 mm/RX (70713G1916337);08717648138287;70713G1;2020-06-30;-1
Abbott TREK 2.50 mm x 12 mm/RX (70830G1913933);08717648138287;70830G1;2020-07-31;0
Abbott TREK 2.50 mm x 12 mm/RX (70901G1913154);08717648138287;70901G1;2020-08-31;0
Abbott TREK 2.50 mm x 12 mm/RX (70901G2913013);08717648138287;70901G2;2020-08-31;0
Abbott TREK 2.50 mm x 12 mm/RX (71013G1916366);08717648138287;71013G1;2020-09-30;0
Abbott TREK 2.50 mm x 12 mm/RX (71014G1914235);08717648138287;71014G1;2020-09-30;0
Abbott TREK 2.50 mm x 12 mm/RX (71118G1916992);08717648138287;71118G1;2020-10-31;0
Abbott TREK 2.50 mm x 12 mm/RX (71122G1915774);08717648138287;71122G1;2020-10-31;0
Abbott TREK 2.50 mm x 12 mm/RX (71205G1914732);08717648138287;71205G1;2020-11-30;0
Abbott TREK 2.50 mm x 12 mm/RX (71207G1915176);08717648138287;71207G1;2020-11-30;0
Abbott TREK 2.50 mm x 12 mm/RX (80102G1914989);08717648138287;80102G1;2020-12-31;0
Abbott TREK 2.50 mm x 12 mm/RX (80109G2913671);08717648138287;80109G2;2020-12-31;0
Abbott TREK 2.50 mm x 12 mm/RX (80116G1915844);08717648138287;80116G1;2020-12-31;0
Abbott TREK 2.50 mm x 12 mm/RX (80123G1914719);08717648138287;80123G1;2020-12-31;0
Abbott TREK 2.50 mm x 12 mm/RX (80130G1913588);08717648138287;80130G1;2020-12-31;2
Abbott TREK 2.50 mm x 12 mm/RX (80201G1914716);08717648138287;80201G1;2021-01-31;0
Abbott TREK 2.50 mm x 12 mm/RX (80205G1913311);08717648138287;80205G1;2021-01-31;3
Abbott TREK 2.50 mm x 12 mm/RX (80226G1916140);08717648138287;80226G1;2021-01-31;0
Abbott TREK 2.50 mm x 12 mm/RX (80308G1913049);08717648138287;80308G1;2021-02-28;1
Abbott TREK 2.50 mm x 12 mm/RX (80316G1914533);08717648138287;80316G1;2021-02-28;3
Abbott TREK 2.50 mm x 15 mm/RX (70106G1914712);08717648138294;70106G1;2019-12-31;0
Abbott TREK 2.50 mm x 15 mm/RX (70515G1913433);08717648138294;70515G1;2020-04-30;0
Abbott TREK 2.50 mm x 15 mm/RX (70517G1913154);08717648138294;70517G1;2020-04-30;0
Abbott TREK 2.50 mm x 15 mm/RX (70523G1914920);08717648138294;70523G1;2020-04-30;0
Abbott TREK 2.50 mm x 15 mm/RX (71020G1914610);08717648138294;71020G1;2020-09-30;0
Abbott TREK 2.50 mm x 15 mm/RX (71124G1915429);08717648138294;71124G1;2020-10-31;0
Abbott TREK 2.50 mm x 15 mm/RX (71124G2913011);08717648138294;71124G2;2020-10-31;1
Abbott TREK 2.50 mm x 15 mm/RX (71125G1913171);08717648138294;71125G1;2020-10-31;0
Abbott TREK 2.50 mm x 15 mm/RX (71207G1914045);08717648138294;71207G1;2020-11-30;1
Abbott TREK 2.50 mm x 15 mm/RX (71211G1914311);08717648138294;71211G1;2020-11-30;0
Abbott TREK 2.50 mm x 15 mm/RX (71215G1917092);08717648138294;71215G1;2020-11-30;0
Abbott TREK 2.50 mm x 15 mm/RX (71220G2916578);08717648138294;71220G2;2020-11-30;0
Abbott TREK 2.50 mm x 15 mm/RX (80118G3913784);08717648138294;80118G3;2020-12-31;0
Abbott TREK 2.50 mm x 15 mm/RX (80205G2916785);08717648138294;80205G2;2021-01-31;0
Abbott TREK 2.50 mm x 15 mm/RX (80216G1914048);08717648138294;80216G1;2021-01-31;0
Abbott TREK 2.50 mm x 15 mm/RX (80219G1916879);08717648138294;80219G1;2021-01-31;0
Abbott TREK 2.50 mm x 15 mm/RX (80322G1913288);08717648138294;80322G1;2021-02-28;6
Abbott TREK 2.50 mm x 20 mm/RX (70721G1916262);08717648138300;70721G1;2020-06-30;0
Abbott TREK 2.50 mm x 20 mm/RX (70928G1915883);08717648138300;70928G1;2020-08-31;0
Abbott TREK 2.50 mm x 20 mm/RX (71030G1914838);08717648138300;71030G1;2020-09-30;0
Abbott TREK 2.50 mm x 20 mm/RX (71125G1913657);08717648138300;71125G1;2020-10-31;0
Abbott TREK 2.50 mm x 20 mm/RX (71213G1913684);08717648138300;71213G1;2020-11-30;1
Abbott TREK 2.50 mm x 20 mm/RX (80207G1914092);08717648138300;80207G1;2021-01-31;0
Abbott TREK 2.50 mm x 20 mm/RX (80208G1914258);08717648138300;80208G1;2021-01-31;1
Abbott TREK 2.50 mm x 20 mm/RX (80209G1915950);08717648138300;80209G1;2021-01-31;1
Abbott TREK 2.50 mm x 20 mm/RX (80305G1916078);08717648138300;80305G1;2021-02-28;1
Abbott TREK 2.50 mm x 20 mm/RX (80309G1914333);08717648138300;80309G1;2021-02-28;3
Abbott TREK 2.50 mm x 20 mm/RX (80322G1913276);08717648138300;80322G1;2021-02-28;1
Abbott TREK 2.50 mm x 25 mm/RX (60903G1);08717648138317;60903G1;2019-08-31;0
Abbott TREK 2.50 mm x 25 mm/RX (71211G1913773);08717648138317;71211G1;2020-11-30;2
Abbott TREK 2.50 mm x 30 mm/RX (80108G1913914);08717648138324;80108G1;2020-12-31;1
Abbott TREK 3.0 mm x 12 mm/RX (71002G1914562);08717648138423;71002G1;2020-09-30;0
Abbott TREK 3.0 mm x 12 mm/RX (71017G1913307);08717648138423;71017G1;2020-09-30;0
Abbott TREK 3.0 mm x 12 mm/RX (71120G1915581);08717648138423;71120G1;2020-10-31;0
Abbott TREK 3.0 mm x 12 mm/RX (80111G1913354);08717648138423;80111G1;2020-12-31;1
Abbott TREK 3.0 mm x 12 mm/RX (80220G1913073);08717648138423;80220G1;2021-01-31;5
Abbott TREK 3.0 mm x 15 mm/RX (71128G1917024);08717648138430;71128G1;2020-10-31;0
Abbott TREK 3.0 mm x 15 mm/RX (80213G1915086);08717648138430;80213G1;2021-01-31;2
Abbott TREK 3.0 mm x 15 mm/RX (80226G1913957);08717648138430;80226G1;2021-01-31;3
Abbott TREK 3.0 mm x 20 mm/RX (71003G1914416);08717648138447;71003G1;2020-09-30;0
Abbott TREK 3.0 mm x 20 mm/RX (71103G1916520);08717648138447;71103G1;2020-10-31;0
Abbott TREK 3.0 mm x 20 mm/RX (80131G1913434);08717648138447;80131G1;2020-12-31;4
Abbott TREK 3.0 mm x 20 mm/RX (80209G1913862);08717648138447;80209G1;2021-01-31;2
Abbott TREK 3.0 mm x 20 mm/RX (80214G2914794);08717648138447;80214G2;2021-01-31;1
Abbott TREK 3.0 mm x 25 mm/RX (70314G1913548);08717648138454;70314G1;2020-02-29;2
Abbott TREK 4.0 mm x 12 mm/RX (70626G1915019);08717648138706;70626G1;2020-05-31;1
Abbott MINI TREK 1.20 mm x 06 mm/RX (60210G1);08717648138027;60210G1;2019-01-31;0
Abbott MINI TREK 1.20 mm x 06 mm/RX (70216G1914489);08717648138027;70216G1;2020-01-31;0
Abbott MINI TREK 1.20 mm x 06 mm/RX (71102G1913476);08717648138027;71102G1;2020-10-31;1
Abbott MINI TREK 1.20 mm x 06 mm/RX (71123G1913002);08717648138027;71123G1;2020-10-31;1
Abbott MINI TREK 1.20 mm x 08 mm/RX (61123G1913072);08717648138034;61123G1;2019-10-31;0
Abbott MINI TREK 1.20 mm x 08 mm/RX (70306G1914006);08717648138034;70306G1;2020-02-29;0
Abbott MINI TREK 1.20 mm x 08 mm/RX (71130G1916142);08717648138034;71130G1;2020-10-31;1
Abbott MINI TREK 1.20 mm x 12 mm/RX (70222G1913297);08717648138041;70222G1;2020-01-31;0
Abbott MINI TREK 1.20 mm x 12 mm/RX (70407G1915816);08717648138041;70407G1;2020-03-31;0
Abbott MINI TREK 1.20 mm x 12 mm/RX (70609G1915626);08717648138041;70609G1;2020-05-31;0
Abbott MINI TREK 1.20 mm x 12 mm/RX (71128G1914678);08717648138041;71128G1;2020-10-31;1
Abbott MINI TREK 1.20 mm x 15 mm/RX (61111G1);08717648138058;61111G1;2019-10-31;0
Abbott MINI TREK 1.20 mm x 15 mm/RX (70130G1913120);08717648138058;70130G1;2019-12-31;0
Abbott MINI TREK 1.20 mm x 15 mm/RX (70731G1917200);08717648138058;70731G1;2020-06-30;2
Abbott MINI TREK 1.20 mm x 20 mm/RX (61102G1913848);08717648138065;61102G1;2019-10-31;1
Abbott MINI TREK 1.20 mm x 20 mm/RX (70426G1914483);08717648138065;70426G1;2020-03-31;0
Abbott MINI TREK 1.20 mm x 20 mm/RX (70913G1913811);08717648138065;70913G1;2020-08-31;2
Abbott MINI TREK 1.50 mm x 08 mm/RX (70130G1913789);08717648138089;70130G1;2019-12-31;-2
Abbott MINI TREK 1.50 mm x 08 mm/RX (70711G1913123);08717648138089;70711G1;2020-06-30;0
Abbott MINI TREK 1.50 mm x 08 mm/RX (70811G1913601);08717648138089;70811G1;2020-07-31;0
Abbott MINI TREK 1.50 mm x 12 mm/RX (61108G1);08717648138096;61108G1;2019-10-31;0
Abbott MINI TREK 1.50 mm x 12 mm/RX (61123G1);08717648138096;61123G1;2019-10-31;2
Abbott MINI TREK 1.50 mm x 12 mm/RX (70130G1914136);08717648138096;70130G1;2019-12-31;1
Abbott MINI TREK 1.50 mm x 12 mm/RX (70308G1914710);08717648138096;70308G1;2020-02-29;0
Abbott MINI TREK 1.50 mm x 12 mm/RX (70428G1914388);08717648138096;70428G1;2020-03-31;0
Abbott MINI TREK 1.50 mm x 12 mm/RX (70721G1913619);08717648138096;70721G1;2020-06-30;0
Abbott MINI TREK 1.50 mm x 15 mm/RX (70119G1913267);08717648138102;70119G1;2019-12-31;-1
Abbott MINI TREK 1.50 mm x 15 mm/RX (70202G1913108);08717648138102;70202G1;2020-01-31;0
Abbott MINI TREK 1.50 mm x 15 mm/RX (70419G1916794);08717648138102;70419G1;2020-03-31;0
Abbott MINI TREK 1.50 mm x 15 mm/RX (70703G1914361);08717648138102;70703G1;2020-06-30;0
Abbott MINI TREK 1.50 mm x 15 mm/RX (70904G1915730);08717648138102;70904G1;2020-08-31;0
Abbott MINI TREK 1.50 mm x 15 mm/RX (70919G1913461);08717648138102;70919G1;2020-08-31;0
Abbott MINI TREK 1.50 mm x 15 mm/RX (71213G1913754);08717648138102;71213G1;2020-11-30;1
Abbott MINI TREK 1.50 mm x 20 mm/RX (70123G1913993);08717648138119;70123G1;2019-12-31;1
Abbott MINI TREK 2.0 mm x 08 mm/RX (61021G1);08717648138133;61021G1;2019-09-30;-1
Abbott MINI TREK 2.0 mm x 08 mm/RX (70215G1913092);08717648138133;70215G1;2020-01-31;0
Abbott MINI TREK 2.0 mm x 08 mm/RX (70403G1915390);08717648138133;70403G1;2020-03-31;0
Abbott MINI TREK 2.0 mm x 08 mm/RX (70518G1917206);08717648138133;70518G1;2020-04-30;0
Abbott MINI TREK 2.0 mm x 08 mm/RX (70619G1915969);08717648138133;70619G1;2020-05-31;0
Abbott MINI TREK 2.0 mm x 08 mm/RX (70809G1913447);08717648138133;70809G1;2020-07-31;0
Abbott MINI TREK 2.0 mm x 08 mm/RX (70906G1913652);08717648138133;70906G1;2020-08-31;0
Abbott MINI TREK 2.0 mm x 12 mm/RX (61126G3914820);08717648138140;61126G3;2019-10-31;2
Abbott MINI TREK 2.0 mm x 12 mm/RX (70120G1913978);08717648138140;70120G1;2019-12-31;1
Abbott MINI TREK 2.0 mm x 12 mm/RX (70214G1914422);08717648138140;70214G1;2020-01-31;0
Abbott MINI TREK 2.0 mm x 12 mm/RX (70222G1913657);08717648138140;70222G1;2020-01-31;1
Abbott MINI TREK 2.0 mm x 12 mm/RX (70222G2913184);08717648138140;70222G2;2020-01-31;0
Abbott MINI TREK 2.0 mm x 12 mm/RX (70327G1915858);08717648138140;70327G1;2020-02-29;0
Abbott MINI TREK 2.0 mm x 12 mm/RX (70405G1914407);08717648138140;70405G1;2020-03-31;0
Abbott MINI TREK 2.0 mm x 12 mm/RX (70419G1915374);08717648138140;70419G1;2020-03-31;-1
Abbott MINI TREK 2.0 mm x 12 mm/RX (70515G1915908);08717648138140;70515G1;2020-04-30;0
Abbott MINI TREK 2.0 mm x 12 mm/RX (70519G1913463);08717648138140;70519G1;2020-04-30;0
Abbott MINI TREK 2.0 mm x 12 mm/RX (70623G1916389);08717648138140;70623G1;2020-05-31;0
Abbott MINI TREK 2.0 mm x 12 mm/RX (70712G1916010);08717648138140;70712G1;2020-06-30;0
Abbott MINI TREK 2.0 mm x 12 mm/RX (70803G1913722);08717648138140;70803G1;2020-07-31;0
Abbott MINI TREK 2.0 mm x 12 mm/RX (70810G1914602);08717648138140;70810G1;2020-07-31;0
Abbott MINI TREK 2.0 mm x 12 mm/RX (70911G1916179);08717648138140;70911G1;2020-08-31;0
Abbott MINI TREK 2.0 mm x 12 mm/RX (71002G1915986);08717648138140;71002G1;2020-09-30;0
Abbott MINI TREK 2.0 mm x 12 mm/RX (71109G1916734);08717648138140;71109G1;2020-10-31;0
Abbott MINI TREK 2.0 mm x 15 mm/RX (61223G1914125);08717648138157;61223G1;2019-11-30;0
Abbott MINI TREK 2.0 mm x 15 mm/RX (70104G1913401);08717648138157;70104G1;2019-12-31;1
Abbott MINI TREK 2.0 mm x 15 mm/RX (70116G1914974);08717648138157;70116G1;2019-12-31;0
Abbott MINI TREK 2.0 mm x 15 mm/RX (70301G1916394);08717648138157;70301G1;2020-02-29;0
Abbott MINI TREK 2.0 mm x 15 mm/RX (70304G1915481);08717648138157;70304G1;2020-02-29;0
Abbott MINI TREK 2.0 mm x 15 mm/RX (70421G1913512);08717648138157;70421G1;2020-03-31;0
Abbott MINI TREK 2.0 mm x 15 mm/RX (70513G1916304);08717648138157;70513G1;2020-04-30;0
Abbott MINI TREK 2.0 mm x 15 mm/RX (70530G1914014);08717648138157;70530G1;2020-04-30;1
Abbott MINI TREK 2.0 mm x 15 mm/RX (70608G1913055);08717648138157;70608G1;2020-05-31;-1
Abbott MINI TREK 2.0 mm x 15 mm/RX (70613G1915059);08717648138157;70613G1;2020-05-31;0
Abbott MINI TREK 2.0 mm x 15 mm/RX (70705G1913411);08717648138157;70705G1;2020-06-30;0
Abbott MINI TREK 2.0 mm x 15 mm/RX (70707G2915932);08717648138157;70707G2;2020-06-30;-2
Abbott MINI TREK 2.0 mm x 15 mm/RX (70711G2917120);08717648138157;70711G2;2020-06-30;0
Abbott MINI TREK 2.0 mm x 15 mm/RX (70816G1915199);08717648138157;70816G1;2020-07-31;0
Abbott MINI TREK 2.0 mm x 15 mm/RX (70904G1915232);08717648138157;70904G1;2020-08-31;0
Abbott MINI TREK 2.0 mm x 15 mm/RX (71005G2913952);08717648138157;71005G2;2020-09-30;0
Abbott MINI TREK 2.0 mm x 15 mm/RX (71009G3914054);08717648138157;71009G3;2020-09-30;0
Abbott MINI TREK 2.0 mm x 15 mm/RX (71116G2916830);08717648138157;71116G2;2020-10-31;-1
Abbott MINI TREK 2.0 mm x 15 mm/RX (80205G3917081);08717648138157;80205G3;2021-01-31;1
Abbott MINI TREK 2.0 mm x 20 mm/RX (70110G1914624);08717648138164;70110G1;2019-12-31;0
Abbott MINI TREK 2.0 mm x 20 mm/RX (70717G2914884);08717648138164;70717G2;2020-06-30;0
Abbott MINI TREK 2.0 mm x 20 mm/RX (70727G1915779);08717648138164;70727G1;2020-06-30;0
Abbott MINI TREK 2.0 mm x 20 mm/RX (70729G1916514);08717648138164;70729G1;2020-06-30;0
Abbott MINI TREK 2.0 mm x 20 mm/RX (70829G1917098);08717648138164;70829G1;2020-07-31;0
Abbott MINI TREK 2.0 mm x 20 mm/RX (70929G1915724);08717648138164;70929G1;2020-08-31;0
Abbott MINI TREK 2.0 mm x 20 mm/RX (71102G2915948);08717648138164;71102G2;2020-10-31;0
Abbott NC TREK 1.5 mm x 12 mm/RX (70222G1913496);08717648151590;70222G1;2020-01-31;-1
Abbott NC TREK 1.5 mm x 15 mm/RX (70616G1913202);08717648151606;70616G1;2020-05-31;5
Abbott NC TREK 2.0 mm x 12 mm/RX (70118G1913145);08717648151644;70118G1;2019-12-31;2
Abbott NC TREK 2.0 mm x 12 mm/RX (70605G1913082);08717648151644;70605G1;2020-05-31;0
Abbott NC TREK 2.0 mm x 12 mm/RX (70704G1913379);08717648151644;70704G1;2020-06-30;0
Abbott NC TREK 2.0 mm x 12 mm/RX (70904G1913499);08717648151644;70904G1;2020-08-31;0
Abbott NC TREK 2.0 mm x 15 mm/RX (70118G1913063);08717648151651;70118G1;2019-12-31;0
Abbott NC TREK 2.0 mm x 8 mm/RX (61026G1);08717648151637;61026G1;2019-09-30;0
Abbott NC TREK 2.5 mm x 12 mm/RX (60905G1);08717648151750;60905G1;2019-08-31;-1
Abbott NC TREK 2.5 mm x 12 mm/RX (60905G2);08717648151750;60905G2;2019-08-31;1
Abbott NC TREK 2.5 mm x 12 mm/RX (70116G1913900);08717648151750;70116G1;2019-12-31;0
Abbott NC TREK 2.5 mm x 12 mm/RX (70118G2913127);08717648151750;70118G2;2019-12-31;-2
Abbott NC TREK 2.5 mm x 12 mm/RX (70313G1914103);08717648151750;70313G1;2020-02-29;-1
Abbott NC TREK 2.5 mm x 12 mm/RX (70410G1913309);08717648151750;70410G1;2020-03-31;0
Abbott NC TREK 2.5 mm x 12 mm/RX (70509G1913470);08717648151750;70509G1;2020-04-30;0
Abbott NC TREK 2.5 mm x 12 mm/RX (70718G2914580);08717648151750;70718G2;2020-06-30;0
Abbott NC TREK 2.5 mm x 12 mm/RX (70801G1913243);08717648151750;70801G1;2020-07-31;0
Abbott NC TREK 2.5 mm x 12 mm/RX (70811G1914109);08717648151750;70811G1;2020-07-31;0
Abbott NC TREK 2.5 mm x 12 mm/RX (70823G1913148);08717648151750;70823G1;2020-07-31;0
Abbott NC TREK 2.5 mm x 12 mm/RX (70905G1913743);08717648151750;70905G1;2020-08-31;0
Abbott NC TREK 2.5 mm x 12 mm/RX (70928G2913192);08717648151750;70928G2;2020-08-31;0
Abbott NC TREK 2.5 mm x 12 mm/RX (71005G1913504);08717648151750;71005G1;2020-09-30;0
Abbott NC TREK 2.5 mm x 12 mm/RX (71204G1914374);08717648151750;71204G1;2020-11-30;2
Abbott NC TREK 2.5 mm x 15 mm/RX (70103G1);08717648151767;70103G1;2019-12-31;1
Abbott NC TREK 2.5 mm x 15 mm/RX (70118G1913214);08717648151767;70118G1;2019-12-31;0
Abbott NC TREK 2.5 mm x 15 mm/RX (70118G2914148);08717648151767;70118G2;2019-12-31;0
Abbott NC TREK 2.5 mm x 15 mm/RX (70118G3914218);08717648151767;70118G3;2019-12-31;0
Abbott NC TREK 2.5 mm x 15 mm/RX (70324G1913779);08717648151767;70324G1;2020-02-29;0
Abbott NC TREK 2.5 mm x 15 mm/RX (70705G1914751);08717648151767;70705G1;2020-06-30;0
Abbott NC TREK 2.5 mm x 15 mm/RX (70717G1913396);08717648151767;70717G1;2020-06-30;0
Abbott NC TREK 2.5 mm x 15 mm/RX (70721G1913464);08717648151767;70721G1;2020-06-30;0
Abbott NC TREK 2.5 mm x 15 mm/RX (70726G1913160);08717648151767;70726G1;2020-06-30;-1
Abbott NC TREK 2.5 mm x 15 mm/RX (70922G1914008);08717648151767;70922G1;2020-08-31;1
Abbott NC TREK 2.5 mm x 15 mm/RX (70922G2913168);08717648151767;70922G2;2020-08-31;0
Abbott NC TREK 2.5 mm x 15 mm/RX (71026G1914664);08717648151767;71026G1;2020-09-30;1
Abbott NC TREK 2.5 mm x 15 mm/RX (80201G1914360);08717648151767;80201G1;2021-01-31;2
Abbott NC TREK 2.5 mm x 20 mm/RX (70703G1913556);08717648151774;70703G1;2020-06-30;0
Abbott NC TREK 2.5 mm x 20 mm/RX (70807G1913811);08717648151774;70807G1;2020-07-31;0
Abbott NC TREK 2.5 mm x 8 mm/RX (70123G1913831);08717648151743;70123G1;2019-12-31;-1
Abbott NC TREK 2.5 mm x 8 mm/RX (71212G2913440);08717648151743;71212G2;2020-11-30;1
Abbott NC TREK 2.75 mm x 15 mm/RX (70403G1914578);08717648151828;70403G1;2020-03-31;1
Abbott NC TREK 2.75 mm x 20 mm/RX (70630G1914521);08717648151835;70630G1;2020-05-31;2
Abbott NC TREK 3.0 mm x 12 mm/RX (70529G1913433);08717648151866;70529G1;2020-04-30;0
Abbott NC TREK 3.0 mm x 12 mm/RX (70609G1913340);08717648151866;70609G1;2020-05-31;0
Abbott NC TREK 3.0 mm x 12 mm/RX (70610G1913243);08717648151866;70610G1;2020-05-31;0
Abbott NC TREK 3.0 mm x 12 mm/RX (70615G1913166);08717648151866;70615G1;2020-05-31;-2
Abbott NC TREK 3.0 mm x 12 mm/RX (70711G1914548);08717648151866;70711G1;2020-06-30;0
Abbott NC TREK 3.0 mm x 12 mm/RX (70726G2914321);08717648151866;70726G2;2020-06-30;0
Abbott NC TREK 3.0 mm x 12 mm/RX (70801G1913742);08717648151866;70801G1;2020-07-31;0
Abbott NC TREK 3.0 mm x 12 mm/RX (70817G1914748);08717648151866;70817G1;2020-07-31;-1
Abbott NC TREK 3.0 mm x 12 mm/RX (70826G2914243);08717648151866;70826G2;2020-07-31;0
Abbott NC TREK 3.0 mm x 12 mm/RX (71207G2914870);08717648151866;71207G2;2020-11-30;1
Abbott NC TREK 3.0 mm x 15 mm/RX (70106G1913292);08717648151873;70106G1;2019-12-31;0
Abbott NC TREK 3.0 mm x 15 mm/RX (70316G1913488);08717648151873;70316G1;2020-02-29;1
Abbott NC TREK 3.0 mm x 15 mm/RX (70509G1913566);08717648151873;70509G1;2020-04-30;-1
Abbott NC TREK 3.0 mm x 15 mm/RX (70519G1913948);08717648151873;70519G1;2020-04-30;0
Abbott NC TREK 3.0 mm x 15 mm/RX (70520G1914165);08717648151873;70520G1;2020-04-30;-1
Abbott NC TREK 3.0 mm x 15 mm/RX (70602G1915042);08717648151873;70602G1;2020-05-31;0
Abbott NC TREK 3.0 mm x 15 mm/RX (70615G1913730);08717648151873;70615G1;2020-05-31;0
Abbott NC TREK 3.0 mm x 15 mm/RX (70629G1914946);08717648151873;70629G1;2020-05-31;-1
Abbott NC TREK 3.0 mm x 15 mm/RX (70718G2913271);08717648151873;70718G2;2020-06-30;0
Abbott NC TREK 3.0 mm x 15 mm/RX (70811G1913414);08717648151873;70811G1;2020-07-31;0
Abbott NC TREK 3.0 mm x 15 mm/RX (70812G1914032);08717648151873;70812G1;2020-07-31;0
Abbott NC TREK 3.0 mm x 20 mm/RX (70202G1913946);08717648151880;70202G1;2020-01-31;0
Abbott NC TREK 3.0 mm x 20 mm/RX (70208G1913433);08717648151880;70208G1;2020-01-31;0
Abbott NC TREK 3.0 mm x 20 mm/RX (70428G1913605);08717648151880;70428G1;2020-03-31;0
Abbott NC TREK 3.0 mm x 20 mm/RX (70530G1913905);08717648151880;70530G1;2020-04-30;0
Abbott NC TREK 3.0 mm x 20 mm/RX (70606G1913038);08717648151880;70606G1;2020-05-31;0
Abbott NC TREK 3.0 mm x 20 mm/RX (70712G1913782);08717648151880;70712G1;2020-06-30;0
Abbott NC TREK 3.0 mm x 20 mm/RX (71005G1914084);08717648151880;71005G1;2020-09-30;0
Abbott NC TREK 3.0 mm x 20 mm/RX (71023G2915101);08717648151880;71023G2;2020-09-30;1
Abbott NC TREK 3.0 mm x 8 mm/RX (70103G1913198);08717648151859;70103G1;2019-12-31;0
Abbott NC TREK 3.0 mm x 8 mm/RX (70227G1913810);08717648151859;70227G1;2020-01-31;0
Abbott NC TREK 3.0 mm x 8 mm/RX (71218G1914033);08717648151859;71218G1;2020-11-30;1
Abbott NC TREK 3.5 mm x 12 mm/RX (61222G1914675);08717648151972;61222G1;2019-11-30;0
Abbott NC TREK 3.5 mm x 12 mm/RX (70125G1914366);08717648151972;70125G1;2019-12-31;1
Abbott NC TREK 3.5 mm x 12 mm/RX (70216G2914588);08717648151972;70216G2;2020-01-31;0
Abbott NC TREK 3.5 mm x 12 mm/RX (70529G1914790);08717648151972;70529G1;2020-04-30;-1
Abbott NC TREK 3.5 mm x 12 mm/RX (70529G3914267);08717648151972;70529G3;2020-04-30;0
Abbott NC TREK 3.5 mm x 12 mm/RX (70713G1913109);08717648151972;70713G1;2020-06-30;0
Abbott NC TREK 3.5 mm x 12 mm/RX (70726G1913687);08717648151972;70726G1;2020-06-30;0
Abbott NC TREK 3.5 mm x 12 mm/RX (70821G1914190);08717648151972;70821G1;2020-07-31;0
Abbott NC TREK 3.5 mm x 12 mm/RX (70823G1913907);08717648151972;70823G1;2020-07-31;0
Abbott NC TREK 3.5 mm x 12 mm/RX (80109G2913796);08717648151972;80109G2;2020-12-31;2
Abbott NC TREK 3.5 mm x 15 mm/RX (60331G1);08717648151989;60331G1;2019-02-28;-1
Abbott NC TREK 3.5 mm x 15 mm/RX (70104G1913823);08717648151989;70104G1;2019-12-31;0
Abbott NC TREK 3.5 mm x 15 mm/RX (70105G2913732);08717648151989;70105G2;2019-12-31;0
Abbott NC TREK 3.5 mm x 15 mm/RX (70303G1914935);08717648151989;70303G1;2020-02-29;-1
Abbott NC TREK 3.5 mm x 15 mm/RX (70507G1913785);08717648151989;70507G1;2020-04-30;-1
Abbott NC TREK 3.5 mm x 15 mm/RX (70514G1914473);08717648151989;70514G1;2020-04-30;0
Abbott NC TREK 3.5 mm x 15 mm/RX (70621G1916548);08717648151989;70621G1;2020-05-31;0
Abbott NC TREK 3.5 mm x 15 mm/RX (70626G1913865);08717648151989;70626G1;2020-05-31;0
Abbott NC TREK 3.5 mm x 15 mm/RX (70814G2913566);08717648151989;70814G2;2020-07-31;0
Abbott NC TREK 3.5 mm x 15 mm/RX (80104G1913015);08717648151989;80104G1;2020-12-31;2
Abbott NC TREK 3.5 mm x 15 mm/RX (80122G1914739);08717648151989;80122G1;2020-12-31;2
Abbott NC TREK 3.5 mm x 20 mm/RX (70203G1913795);08717648151996;70203G1;2020-01-31;-1
Abbott NC TREK 3.5 mm x 20 mm/RX (70816G1913414);08717648151996;70816G1;2020-07-31;2
Abbott NC TREK 3.5 mm x 20 mm/RX (71005G1914052);08717648151996;71005G1;2020-09-30;1
Abbott NC TREK 3.5 mm x 25 mm/RX (70109G1913353);08717648152009;70109G1;2019-12-31;0
Abbott NC TREK 3.5 mm x 6 mm/RX (70421G1913830);08717648151958;70421G1;2020-03-31;0
Abbott NC TREK 3.5 mm x 8 mm/RX (70510G1915256);08717648151965;70510G1;2020-04-30;-1
Abbott NC TREK 3.75 mm x 12 mm/RX (70526G1913929);08717648152023;70526G1;2020-04-30;1
Abbott NC TREK 3.75 mm x 8 mm/RX (70507G1914016);08717648152016;70507G1;2020-04-30;0
Abbott NC TREK 4.0 mm x 12 mm/RX (70929G1914900);08717648152061;70929G1;2020-08-31;0
Abbott NC TREK 4.0 mm x 15 mm/RX (70804G1913114);08717648152078;70804G1;2020-07-31;0
Abbott NC TREK 4.0 mm x 15 mm/RX (71004G1913415);08717648152078;71004G1;2020-09-30;0
Abbott NC TREK 4.0 mm x 20 mm/RX (70303G1913919);08717648152085;70303G1;2020-02-29;0
Abbott NC TREK 4.0 mm x 20 mm/RX (70706G1914160);08717648152085;70706G1;2020-06-30;1
Abbott NC TREK 4.0 mm x 8 mm/RX (70119G1913049);08717648152054;70119G1;2019-12-31;-1
Abbott NC TREK 4.0 mm x 8 mm/RX (70524G2913631);08717648152054;70524G2;2020-04-30;0
Abbott NC TREK 4.0 mm x 8 mm/RX (70602G1914372);08717648152054;70602G1;2020-05-31;0
Abbott NC TREK 4.0 mm x 8 mm/RX (70622G1913893);08717648152054;70622G1;2020-05-31;0
Abbott NC TREK 4.0 mm x 8 mm/RX (70818G1914197);08717648152054;70818G1;2020-07-31;0
Abbott NC TREK 4.0 mm x 8 mm/RX (70913G1914597);08717648152054;70913G1;2020-08-31;1
Abbott NC TREK 4.5 mm x 12 mm/RX (70104G1914424);08717648152108;70104G1;2019-12-31;-1
Abbott NC TREK 4.5 mm x 12 mm/RX (70608G1913502);08717648152108;70608G1;2020-05-31;0
Abbott NC TREK 4.5 mm x 12 mm/RX (70925G1914643);08717648152108;70925G1;2020-08-31;1
Abbott NC TREK 4.5 mm x 8 mm/RX (70721G1913615);08717648152092;70721G1;2020-06-30;0
Abbott NC TREK 5.0 mm x 12 mm/RX (61219G1913471);08717648152146;61219G1;2019-11-30;0
Abbott TREK 2.50 mm x 12 mm/RX (70206G1915383);08717648138287;70206G1;2020-01-31;0
Abbott TREK 2.50 mm x 12 mm/RX (70316G1913310);08717648138287;70316G1;2020-02-29;-1
Abbott TREK 2.50 mm x 12 mm/RX (70420G1914075);08717648138287;70420G1;2020-03-31;0
Abbott TREK 2.50 mm x 12 mm/RX (70519G1913055);08717648138287;70519G1;2020-04-30;0
Abbott TREK 2.50 mm x 12 mm/RX (70601G1913312);08717648138287;70601G1;2020-05-31;0
Abbott TREK 2.50 mm x 12 mm/RX (70814G2916018);08717648138287;70814G2;2020-07-31;0
Abbott TREK 2.50 mm x 12 mm/RX (70816G1916584);08717648138287;70816G1;2020-07-31;0
Abbott TREK 2.50 mm x 12 mm/RX (70923G1914769);08717648138287;70923G1;2020-08-31;0
Abbott TREK 2.50 mm x 12 mm/RX (71109G1916446);08717648138287;71109G1;2020-10-31;0
Abbott TREK 2.50 mm x 15 mm/RX (70109G1918015);08717648138294;70109G1;2019-12-31;0
Abbott TREK 2.50 mm x 15 mm/RX (70216G1913374);08717648138294;70216G1;2020-01-31;-2
Abbott TREK 2.50 mm x 15 mm/RX (70307G1915035);08717648138294;70307G1;2020-02-29;0
Abbott TREK 2.50 mm x 15 mm/RX (70325G1916465);08717648138294;70325G1;2020-02-29;1
Abbott TREK 2.50 mm x 15 mm/RX (70503G1916531);08717648138294;70503G1;2020-04-30;-1
Abbott TREK 2.50 mm x 15 mm/RX (70603G1916645);08717648138294;70603G1;2020-05-31;0
Abbott TREK 2.50 mm x 15 mm/RX (70808G3916966);08717648138294;70808G3;2020-07-31;0
Abbott TREK 2.50 mm x 15 mm/RX (70913G1913462);08717648138294;70913G1;2020-08-31;0
Abbott TREK 2.50 mm x 15 mm/RX (70923G1916790);08717648138294;70923G1;2020-08-31;0
Abbott TREK 2.50 mm x 15 mm/RX (71014G1916692);08717648138294;71014G1;2020-09-30;0
Abbott TREK 2.50 mm x 15 mm/RX (71030G1917143);08717648138294;71030G1;2020-09-30;0
Abbott TREK 2.50 mm x 20 mm/RX (61208G1);08717648138300;61208G1;2019-11-30;0
Abbott TREK 2.50 mm x 20 mm/RX (70114G1915134);08717648138300;70114G1;2019-12-31;0
Abbott TREK 2.50 mm x 20 mm/RX (70308G1913098);08717648138300;70308G1;2020-02-29;1
Abbott TREK 2.50 mm x 20 mm/RX (70331G1914038);08717648138300;70331G1;2020-02-29;0
Abbott TREK 2.50 mm x 20 mm/RX (70406G1914980);08717648138300;70406G1;2020-03-31;0
Abbott TREK 2.50 mm x 20 mm/RX (70608G1917147);08717648138300;70608G1;2020-05-31;0
Abbott TREK 2.50 mm x 20 mm/RX (70704G1913034);08717648138300;70704G1;2020-06-30;0
Abbott TREK 2.50 mm x 20 mm/RX (70719G1914903);08717648138300;70719G1;2020-06-30;0
Abbott TREK 2.50 mm x 20 mm/RX (70823G1915745);08717648138300;70823G1;2020-07-31;0
Abbott TREK 2.50 mm x 20 mm/RX (70907G1916211);08717648138300;70907G1;2020-08-31;0
Abbott TREK 2.50 mm x 20 mm/RX (71006G2916835);08717648138300;71006G2;2020-09-30;0
Abbott TREK 2.50 mm x 20 mm/RX (80115G2914380);08717648138300;80115G2;2020-12-31;1
Abbott TREK 2.50 mm x 30 mm/RX (70405G1913709);08717648138324;70405G1;2020-03-31;1
Abbott TREK 3.0 mm x 12 mm/RX (61219G1913382);08717648138423;61219G1;2019-11-30;0
Abbott TREK 3.0 mm x 12 mm/RX (70215G1914561);08717648138423;70215G1;2020-01-31;0
Abbott TREK 3.0 mm x 12 mm/RX (70321G1913871);08717648138423;70321G1;2020-02-29;0
Abbott TREK 3.0 mm x 12 mm/RX (70330G1916338);08717648138423;70330G1;2020-02-29;0
Abbott TREK 3.0 mm x 12 mm/RX (70426G1915501);08717648138423;70426G1;2020-03-31;0
Abbott TREK 3.0 mm x 12 mm/RX (70517G1915161);08717648138423;70517G1;2020-04-30;0
Abbott TREK 3.0 mm x 12 mm/RX (70612G1915899);08717648138423;70612G1;2020-05-31;-1
Abbott TREK 3.0 mm x 12 mm/RX (70628G1916256);08717648138423;70628G1;2020-05-31;0
Abbott TREK 3.0 mm x 12 mm/RX (70628G2914880);08717648138423;70628G2;2020-05-31;0
Abbott TREK 3.0 mm x 15 mm/RX (61220G1914257);08717648138430;61220G1;2019-11-30;-1
Abbott TREK 3.0 mm x 15 mm/RX (70117G1913996);08717648138430;70117G1;2019-12-31;0
Abbott TREK 3.0 mm x 15 mm/RX (70210G1914031);08717648138430;70210G1;2020-01-31;0
Abbott TREK 3.0 mm x 15 mm/RX (70403G1914035);08717648138430;70403G1;2020-03-31;0
Abbott TREK 3.0 mm x 15 mm/RX (70509G1916946);08717648138430;70509G1;2020-04-30;1
Abbott TREK 3.0 mm x 15 mm/RX (70921G1917076);08717648138430;70921G1;2020-08-31;2
Abbott TREK 3.0 mm x 15 mm/RX (71211G1915164);08717648138430;71211G1;2020-11-30;1
Abbott TREK 3.0 mm x 20 mm/RX (70328G2915484);08717648138447;70328G2;2020-02-29;1
Abbott TREK 3.0 mm x 25 mm/RX (61124G1913170);08717648138454;61124G1;2019-10-31;0
Abbott TREK 3.0 mm x 30 mm/RX (71023G1914331);08717648138461;71023G1;2020-09-30;1
Abbott TREK 3.50 mm x 15 mm/RX (70321G1914420);08717648138577;70321G1;2020-02-29;0
Abbott TREK 3.50 mm x 25 mm/RX (51019G1);08717648138591;51019G1;2018-09-30;1
Abbott MINI TREK 1.20 mm x 08 mm/RX (70906G1913272);08717648138034;70906G1;2020-08-31;3
Abbott MINI TREK 1.20 mm x 12 mm/RX (70926G1913109);08717648138041;70926G1;2020-08-31;1
Abbott MINI TREK 1.20 mm x 15 mm/RX (60512G1914356);08717648138058;60512G1;2019-04-30;0
Abbott MINI TREK 1.20 mm x 20 mm/RX (50716G1);08717648138065;50716G1;2018-06-30;1
Abbott MINI TREK 1.20 mm x 20 mm/RX (60808G1);08717648138065;60808G1;2019-07-31;2
Abbott MINI TREK 1.50 mm x 06 mm/RX (70427G1914104);08717648138072;70427G1;2020-03-31;1
Abbott MINI TREK 1.50 mm x 08 mm/RX (70331G1914996);08717648138089;70331G1;2020-02-29;1
Abbott MINI TREK 1.50 mm x 15 mm/RX (60720G1);08717648138102;60720G1;2019-06-30;1
Abbott MINI TREK 1.50 mm x 15 mm/RX (71011G2915752);08717648138102;71011G2;2020-09-30;1
Abbott MINI TREK 1.50 mm x 20 mm/RX (70504G1915469);08717648138119;70504G1;2020-04-30;1
Abbott MINI TREK 2.0 mm x 08 mm/RX (61028G1915660);08717648138133;61028G1;2019-09-30;0
Abbott MINI TREK 2.0 mm x 12 mm/RX (60610G1);08717648138140;60610G1;2019-05-31;1
Abbott MINI TREK 2.0 mm x 12 mm/RX (60927G1);08717648138140;60927G1;2019-08-31;1
Abbott MINI TREK 2.0 mm x 12 mm/RX (61111G2);08717648138140;61111G2;2019-10-31;1
Abbott MINI TREK 2.0 mm x 12 mm/RX (70811G1913311);08717648138140;70811G1;2020-07-31;1
Abbott MINI TREK 2.0 mm x 12 mm/RX (70904G1914056);08717648138140;70904G1;2020-08-31;1
Abbott MINI TREK 2.0 mm x 15 mm/RX (70102G1913617);08717648138157;70102G1;2019-12-31;0
Abbott MINI TREK 2.0 mm x 15 mm/RX (70213G1916416);08717648138157;70213G1;2020-01-31;-1
Abbott MINI TREK 2.0 mm x 15 mm/RX (70304G2913137);08717648138157;70304G2;2020-02-29;1
Abbott MINI TREK 2.0 mm x 15 mm/RX (71004G1914404);08717648138157;71004G1;2020-09-30;1
Abbott MINI TREK 2.0 mm x 20 mm/RX (60927G1);08717648138164;60927G1;2019-08-31;1
Abbott MINI TREK 2.0 mm x 20 mm/RX (70119G1914069);08717648138164;70119G1;2019-12-31;1
Abbott MINI TREK 2.0 mm x 20 mm/RX (70908G1913170);08717648138164;70908G1;2020-08-31;1
Abbott NC TREK 1.5 mm x 12 mm/RX (70801G1913764);08717648151590;70801G1;2020-07-31;3
Abbott NC TREK 1.75 mm x 6 mm/RX (60218G1913080);08717648151576;60218G1;2019-01-31;2
Abbott NC TREK 2.0 mm x 15 mm/RX (60531G1);08717648151651;60531G1;2019-04-30;1
Abbott NC TREK 2.0 mm x 8 mm/RX (70809G1913106);08717648151637;70809G1;2020-07-31;1
Abbott NC TREK 2.5 mm x 12 mm/RX (60329G1);08717648151750;60329G1;2019-02-28;1
Abbott NC TREK 2.5 mm x 12 mm/RX (70118G1914138);08717648151750;70118G1;2019-12-31;0
Abbott NC TREK 2.5 mm x 15 mm/RX (71012G2913700);08717648151767;71012G2;2020-09-30;1
Abbott NC TREK 2.5 mm x 20 mm/RX (61122G2);08717648151774;61122G2;2019-10-31;1
Abbott NC TREK 2.5 mm x 8 mm/RX (61219G1);08717648151743;61219G1;2019-11-30;0
Abbott NC TREK 2.75 mm x 15 mm/RX (70531G1915104);08717648151828;70531G1;2020-04-30;1
Abbott NC TREK 3.0 mm x 12 mm/RX (60816G1);08717648151866;60816G1;2019-07-31;1
Abbott NC TREK 3.0 mm x 12 mm/RX (70327G1914906);08717648151866;70327G1;2020-02-29;0
Abbott NC TREK 3.0 mm x 12 mm/RX (70817G2914380);08717648151866;70817G2;2020-07-31;1
Abbott NC TREK 3.0 mm x 12 mm/RX (70927G1914734);08717648151866;70927G1;2020-08-31;1
Abbott NC TREK 3.0 mm x 15 mm/RX (60330G1);08717648151873;60330G1;2019-02-28;1
Abbott NC TREK 3.0 mm x 15 mm/RX (70111G1913260);08717648151873;70111G1;2019-12-31;0
Abbott NC TREK 3.0 mm x 15 mm/RX (70118G2914982);08717648151873;70118G2;2019-12-31;0
Abbott NC TREK 3.0 mm x 15 mm/RX (70211G1914375);08717648151873;70211G1;2020-01-31;-1
Abbott NC TREK 3.0 mm x 15 mm/RX (70712G1914520);08717648151873;70712G1;2020-06-30;2
Abbott NC TREK 3.0 mm x 6 mm/RX (51127G1);08717648151842;51127G1;2018-10-31;1
Abbott NC TREK 3.0 mm x 8 mm/RX (70822G1914604);08717648151859;70822G1;2020-07-31;1
Abbott NC TREK 3.5 mm x 12 mm/RX (61107G1);08717648151972;61107G1;2019-10-31;1
Abbott NC TREK 3.5 mm x 12 mm/RX (61222G4914268);08717648151972;61222G4;2019-11-30;0
Abbott NC TREK 3.5 mm x 12 mm/RX (70822G1914611);08717648151972;70822G1;2020-07-31;1
Abbott NC TREK 3.5 mm x 15 mm/RX (60603G1);08717648151989;60603G1;2019-05-31;1
Abbott NC TREK 3.5 mm x 15 mm/RX (61101G1);08717648151989;61101G1;2019-10-31;1
Abbott NC TREK 3.5 mm x 15 mm/RX (70814G1914781);08717648151989;70814G1;2020-07-31;1
Abbott NC TREK 3.5 mm x 20 mm/RX (70828G1913121);08717648151996;70828G1;2020-07-31;1
Abbott NC TREK 3.5 mm x 25 mm/RX (70629G1913186);08717648152009;70629G1;2020-05-31;3
Abbott NC TREK 3.5 mm x 6 mm/RX (5121061);08717648151958;5121061;2018-11-30;1
Abbott NC TREK 3.5 mm x 8 mm/RX (61207G1913828);08717648151965;61207G1;2019-11-30;0
Abbott NC TREK 3.5 mm x 8 mm/RX (70304G1913910);08717648151965;70304G1;2020-02-29;0
Abbott NC TREK 3.75 mm x 12 mm/RX (70601G1913771);08717648152023;70601G1;2020-05-31;1
Abbott NC TREK 3.75 mm x 15 mm/RX (70531G1914193);08717648152030;70531G1;2020-04-30;1
Abbott NC TREK 3.75 mm x 20 mm/RX (70208G1913305);08717648152047;70208G1;2020-01-31;1
Abbott NC TREK 3.75 mm x 8 mm/RX (70906G1913599);08717648152016;70906G1;2020-08-31;1
Abbott NC TREK 4.0 mm x 12 mm/RX (70302G1914805);08717648152061;70302G1;2020-02-29;-1
Abbott NC TREK 4.0 mm x 15 mm/RX (70928G1914869);08717648152078;70928G1;2020-08-31;1
Abbott NC TREK 4.5 mm x 15 mm/RX (60308G2);08717648152115;60308G2;2019-02-28;1
Abbott TREK 2.50 mm x 12 mm/RX (70117G1916120);08717648138287;70117G1;2019-12-31;-1
Abbott TREK 2.50 mm x 12 mm/RX (70118G2914901);08717648138287;70118G2;2019-12-31;3
Abbott TREK 2.50 mm x 12 mm/RX (70309G1915582);08717648138287;70309G1;2020-02-29;0
Abbott TREK 2.50 mm x 15 mm/RX (70307G2916485);08717648138294;70307G2;2020-02-29;0
Abbott TREK 2.50 mm x 15 mm/RX (70711G1914339);08717648138294;70711G1;2020-06-30;1
Abbott TREK 2.50 mm x 20 mm/RX (70112G1914562);08717648138300;70112G1;2019-12-31;0
Abbott TREK 2.50 mm x 25 mm/RX (70926G1913359);08717648138317;70926G1;2020-08-31;2
Abbott TREK 3.0 mm x 12 mm/RX (60618G1);08717648138423;60618G1;2019-05-31;1
Abbott TREK 3.0 mm x 15 mm/RX (70130G1915261);08717648138430;70130G1;2019-12-31;0
Abbott TREK 3.0 mm x 20 mm/RX (70818G1915895);08717648138447;70818G1;2020-07-31;1
Abbott TREK 3.0 mm x 25 mm/RX (50221G1);08717648138454;50221G1;2018-01-31;1
Abbott TREK 3.50 mm x 12 mm/RX (60912G2913243);08717648138560;60912G2;2019-08-31;2
Abbott TREK 3.50 mm x 15 mm/RX (50409GA913013);08717648138577;50409GA;2018-03-31;1
Abbott TREK 3.50 mm x 15 mm/RX (70112G1916939);08717648138577;70112G1;2019-12-31;1
Abbott TREK 3.50 mm x 15 mm/RX (70324G1914440);08717648138577;70324G1;2020-02-29;1
Abbott TREK 3.50 mm x 20 mm/RX (60812G1);08717648138584;60812G1;2019-07-31;1
Abbott TREK 5.0 mm x 12 mm/RX (61123G1913161);08717648138775;61123G1;2019-10-31;1
Abbott TREK 5.0 mm x 15 mm/RX (51006G1);08717648138782;51006G1;2018-09-30;2
Abbott MINI TREK 1.50 mm x 15 mm/RX (70119G2915824);08717648138102;70119G2;2019-12-31;1
Abbott MINI TREK 2.0 mm x 20 mm/RX (70126G1916896);08717648138164;70126G1;2019-12-31;1
Abbott NC TREK 1.5 mm x 12 mm/RX (51202G1913425);08717648151590;51202G1;2018-11-30;1
Abbott NC TREK 2.5 mm x 15 mm/RX (70306G1914843);08717648151767;70306G1;2020-02-29;1
Abbott NC TREK 3.0 mm x 12 mm/RX (61216G2916134);08717648151866;61216G2;2019-11-30;1
Abbott NC TREK 3.0 mm x 12 mm/RX (70407G3913652);08717648151866;70407G3;2020-03-31;1
Abbott NC TREK 3.0 mm x 12 mm/RX (70616G1914805);08717648151866;70616G1;2020-05-31;2
Abbott NC TREK 3.5 mm x 20 mm/RX (70503G1913064);08717648151996;70503G1;2020-04-30;1
Abbott NC TREK 3.5 mm x 6 mm/RX (70307G1913288);08717648151958;70307G1;2020-02-29;1
Abbott TREK 2.50 mm x 12 mm/RX (70315G1916473);08717648138287;70315G1;2020-02-29;1
Abbott TREK 2.50 mm x 12 mm/RX (70406G1914383);08717648138287;70406G1;2020-03-31;1
Abbott TREK 2.50 mm x 15 mm/RX (70313G1915253);08717648138294;70313G1;2020-02-29;1
Abbott TREK 2.50 mm x 15 mm/RX (70505G1915532);08717648138294;70505G1;2020-04-30;1
Abbott TREK 2.50 mm x 20 mm/RX (70502G1915910);08717648138300;70502G1;2020-04-30;1
Abbott TREK 3.0 mm x 15 mm/RX (70318G1913340);08717648138430;70318G1;2020-02-29;1
Abbott TREK 3.0 mm x 20 mm/RX (70127G1916495);08717648138447;70127G1;2019-12-31;1
Abbott TREK 3.50 mm x 08 mm/RX (60217G1914094);08717648138553;60217G1;2019-01-31;1
