Abbott NC TREK 2.0 mm x 15 mm/RX (71211G1914850);08717648151651;71211G1;2020-11-30;0
Abbott NC TREK 3.5 mm x 15 mm/RX (70826G1913979);08717648151989;70826G1;2020-07-31;1
Abbott NC TREK 4.5 mm x 8 mm/RX (71102G1913312);08717648152092;71102G1;2020-10-31;1
Abbott Xience 3.5 mm x 33 mm (7022141915301);08717648161896;7022141;2020-02-27;0
Abbott Xience 3.5 mm x 33 mm (7062941915353);08717648161896;7062941;2020-07-05;0
Abbott Xience 3.5 mm x 33 mm (7072041915040);08717648161896;7072041;2020-07-31;0
Abbott Xience 3.5 mm x 33 mm (7090641915392);08717648161896;7090641;2020-09-12;1
Abbott Xience PRO 48 2.5 mm x 48 mm (7120641915165);08717648191671;7120641;2020-12-13;1
Abbott Xience PRO 48 3.0 mm x 48 mm (7010941915112);08717648191688;7010941;2020-01-18;1
Abbott Xience PRO 48 3.0 mm x 48 mm (7120641915032);08717648191688;7120641;2020-12-13;0
Abbott Xience PRO 48 3.0 mm x 48 mm (8013141915173);08717648191688;8013141;2021-02-11;2
Abbott Xience PRO 48 3.5 mm x 48 mm (7011141915132);08717648191695;7011141;2020-01-18;0
Abbott Xience PRO 48 3.5 mm x 48 mm (7081741915205);08717648191695;7081741;2020-08-27;0
Abbott Xience PRO 48 3.5 mm x 48 mm (7100541915455);08717648191695;7100541;2020-10-17;1
Abbott Xience PRO 48 3.5 mm x 48 mm (8031541915094);08717648191695;8031541;2021-03-28;1
Abbott Xience PROX 2.5 mm x 12 mm (6112141915522);08717648164125;6112141;2019-11-28;1
Abbott Xience PROX 2.5 mm x 12 mm (7020141915021);08717648164125;7020141;2020-02-08;1
Abbott Xience PROX 2.5 mm x 15 mm (7021341915358);08717648164132;7021341;2020-03-01;1
Abbott Xience PROX 2.5 mm x 15 mm (7062141915966);08717648164132;7062141;2020-07-04;1
Abbott Xience PROX 2.5 mm x 18 mm (7020141915628);08717648164149;7020141;2020-02-12;0
Abbott Xience PROX 2.5 mm x 18 mm (7051741915757);08717648164149;7051741;2020-05-30;1
Abbott Xience PROX 2.5 mm x 18 mm (7071241915688);08717648164149;7071241;2020-07-17;1
Abbott Xience PROX 2.5 mm x 23 mm (7021441915681);08717648164156;7021441;2020-03-01;1
Abbott Xience PROX 2.5 mm x 23 mm (7051241915994);08717648164156;7051241;2020-05-17;1
Abbott Xience PROX 2.5 mm x 28 mm (8022741915702);08717648164163;8022741;2021-03-14;1
Abbott Xience PROX 2.5 mm x 33 mm (7071141915535);08717648164170;7071141;2020-07-16;1
Abbott Xience PROX 2.5 mm x 38 mm (7010441915711);08717648164187;7010441;2020-01-11;1
Abbott Xience PROX 2.5 mm x 38 mm (7022741915213);08717648164187;7022741;2020-03-07;0
Abbott Xience PROX 2.5 mm x 8 mm (7030841915021);08717648164118;7030841;2020-03-19;1
Abbott Xience PROX 3.0 mm 33 mm (7022341915078);08717648164378;7022341;2020-03-08;0
Abbott Xience PROX 3.0 mm 33 mm (7030141915417);08717648164378;7030141;2020-03-07;0
Abbott Xience PROX 3.0 mm 33 mm (7031341915284);08717648164378;7031341;2020-03-21;0
Abbott Xience PROX 3.0 mm 33 mm (7040441915014);08717648164378;7040441;2020-04-10;0
Abbott Xience PROX 3.0 mm 33 mm (8022141915342);08717648164378;8022141;2021-03-06;2
Abbott Xience PROX 3.0 mm x 12 mm (7022141915676);08717648164323;7022141;2020-02-29;0
Abbott Xience PROX 3.0 mm x 12 mm (7051741915310);08717648164323;7051741;2020-05-23;0
Abbott Xience PROX 3.0 mm x 12 mm (7072041915259);08717648164323;7072041;2020-07-31;0
Abbott Xience PROX 3.0 mm x 12 mm (7102441915627);08717648164323;7102441;2020-11-01;0
Abbott Xience PROX 3.0 mm x 12 mm (7122041915653);08717648164323;7122041;2021-01-07;1
Abbott Xience PROX 3.0 mm x 12 mm (8010341915094);08717648164323;8010341;2021-01-10;1
Abbott Xience PROX 3.0 mm x 15 mm (7021641915307);08717648164330;7021641;2020-02-29;0
Abbott Xience PROX 3.0 mm x 15 mm (7040541915665);08717648164330;7040541;2020-04-18;0
Abbott Xience PROX 3.0 mm x 15 mm (7052241916058);08717648164330;7052241;2020-05-28;1
Abbott Xience PROX 3.0 mm x 15 mm (7052641915436);08717648164330;7052641;2020-06-06;-1
Abbott Xience PROX 3.0 mm x 15 mm (7082241915915);08717648164330;7082241;2020-08-28;1
Abbott Xience PROX 3.0 mm x 15 mm (7112441915755);08717648164330;7112441;2020-11-30;1
Abbott Xience PROX 3.0 mm x 15 mm (8031441916579);08717648164330;8031441;2021-03-21;1
Abbott Xience PROX 3.0 mm x 18 mm (7021441915597);08717648164347;7021441;2020-02-29;0
Abbott Xience PROX 3.0 mm x 18 mm (7122141915122);08717648164347;7122141;2021-01-08;0
Abbott Xience PROX 3.0 mm x 18 mm (8012241915215);08717648164347;8012241;2021-01-31;1
Abbott Xience PROX 3.0 mm x 18 mm (8020541915065);08717648164347;8020541;2021-02-11;1
Abbott Xience PROX 3.0 mm x 23 mm (7021741915428);08717648164354;7021741;2020-02-29;0
Abbott Xience PROX 3.0 mm x 23 mm (7032741915364);08717648164354;7032741;2020-04-04;0
Abbott Xience PROX 3.0 mm x 23 mm (7110341915381);08717648164354;7110341;2020-11-13;0
Abbott Xience PROX 3.0 mm x 23 mm (7120741915080);08717648164354;7120741;2020-12-13;1
Abbott Xience PROX 3.0 mm x 23 mm (8012941915268);08717648164354;8012941;2021-02-08;2
Abbott Xience PROX 3.0 mm x 28 mm (7022741915087);08717648164361;7022741;2020-03-08;1
Abbott Xience PROX 3.0 mm x 28 mm (7100441915289);08717648164361;7100441;2020-10-08;0
Abbott Xience PROX 3.0 mm x 28 mm (8020241915483);08717648164361;8020241;2021-02-11;2
Abbott Xience PROX 3.0 mm x 38 mm (7020641915318);08717648164385;7020641;2020-02-15;0
Abbott Xience PROX 3.0 mm x 38 mm (7040741915215);08717648164385;7040741;2020-04-18;0
Abbott Xience PROX 3.0 mm x 38 mm (7090541915595);08717648164385;7090541;2020-09-12;0
Abbott Xience PROX 3.0 mm x 38 mm (7112341915272);08717648164385;7112341;2020-12-03;1
Abbott Xience PROX 3.0 mm x 38 mm (8030641915530);08717648164385;8030641;2021-03-14;1
Abbott Xience PROX 3.0 mm x 8 mm (7011841915116);08717648164316;7011841;2020-01-24;1
Abbott Xience PROX 3.5 mm x 08 mm (7013141915230);08717648161834;7013141;2020-02-06;0
Abbott Xience PROX 3.5 mm x 08 mm (7102641915418);08717648161834;7102641;2020-11-09;1
Abbott Xience PROX 3.5 mm x 12 mm (7030341915062);08717648161841;7030341;2020-03-12;1
Abbott Xience PROX 3.5 mm x 12 mm (7041141915466);08717648161841;7041141;2020-04-20;1
Abbott Xience PROX 3.5 mm x 12 mm (7120741915017);08717648161841;7120741;2020-12-14;2
Abbott Xience PROX 3.5 mm x 15 mm (7011141915135);08717648161858;7011141;2020-01-17;0
Abbott Xience PROX 3.5 mm x 15 mm (7013041915587);08717648161858;7013041;2020-02-06;1
Abbott Xience PROX 3.5 mm x 15 mm (7032241915066);08717648161858;7032241;2020-03-28;0
Abbott Xience PROX 3.5 mm x 15 mm (7050941915270);08717648161858;7050941;2020-05-17;0
Abbott Xience PROX 3.5 mm x 15 mm (7071141915435);08717648161858;7071141;2020-07-18;0
Abbott Xience PROX 3.5 mm x 15 mm (7091241915725);08717648161858;7091241;2020-09-18;0
Abbott Xience PROX 3.5 mm x 15 mm (8013041915131);08717648161858;8013041;2021-02-08;2
Abbott Xience PROX 3.5 mm x 18 mm (7021041915064);08717648161865;7021041;2020-02-19;0
Abbott Xience PROX 3.5 mm x 18 mm (7050441915149);08717648161865;7050441;2020-05-17;0
Abbott Xience PROX 3.5 mm x 18 mm (7062841916165);08717648161865;7062841;2020-07-05;0
Abbott Xience PROX 3.5 mm x 18 mm (7072141915026);08717648161865;7072141;2020-08-01;0
Abbott Xience PROX 3.5 mm x 18 mm (7092741915075);08717648161865;7092741;2020-10-04;0
Abbott Xience PROX 3.5 mm x 18 mm (7111741915082);08717648161865;7111741;2020-11-26;0
Abbott Xience PROX 3.5 mm x 18 mm (7112041915477);08717648161865;7112041;2020-11-26;0
Abbott Xience PROX 3.5 mm x 18 mm (8020641915558);08717648161865;8020641;2021-02-14;1
Abbott Xience PROX 3.5 mm x 18 mm (8031441915626);08717648161865;8031441;2021-03-26;2
Abbott Xience PROX 3.5 mm x 23 mm (7012641915219);08717648161872;7012641;2020-02-06;1
Abbott Xience PROX 3.5 mm x 23 mm (7021341915529);08717648161872;7021341;2020-02-19;1
Abbott Xience PROX 3.5 mm x 23 mm (7062041915170);08717648161872;7062041;2020-06-28;0
Abbott Xience PROX 3.5 mm x 23 mm (7110741915615);08717648161872;7110741;2020-11-13;1
Abbott Xience PROX 3.5 mm x 23 mm (8022341915259);08717648161872;8022341;2021-03-12;1
Abbott Xience PROX 3.5 mm x 28 mm (7022041915105);08717648161889;7022041;2020-02-23;0
Abbott Xience PROX 3.5 mm x 28 mm (7030941915310);08717648161889;7030941;2020-03-21;0
Abbott Xience PROX 3.5 mm x 28 mm (7071241915008);08717648161889;7071241;2020-07-18;0
Abbott Xience PROX 3.5 mm x 28 mm (7082341915012);08717648161889;7082341;2020-09-04;0
Abbott Xience PROX 3.5 mm x 28 mm (8020141915410);08717648161889;8020141;2021-02-11;1
Abbott Xience PROX 3.5 mm x 38 mm (7111441915034);08717648161902;7111441;2020-11-20;1
Abbott Xience PROX 3.5 mm x 38 mm (8010441915181);08717648161902;8010441;2021-01-10;1
BioMatrix Alpha 2.5 x 36 mm (W16120082);08888893018751;W16120082;2017-12-13;1
BioMatrix Alpha 2.50 x 19 mm (W16120337);08888893018713;W16120337;2017-12-28;1
BioMatrix Alpha 2.50 x 24 mm (W16100597);08888893018720;W16100597;2017-11-02;1
BioMatrix Alpha 2.50 x 29 mm (W16120074);08888893018737;W16120074;2017-12-13;1
BioMatrix Alpha 3.00 x 14 mm (W16040547D);08888893018843;W16040547D;2018-05-03;1
BioMatrix Alpha 3.00 x 14 mm (W17020159);08888893018843;W17020159;2018-02-14;1
BioMatrix Alpha 3.00 x 19 mm (W16100609);08888893018850;W16100609;2017-11-02;1
BioMatrix Alpha 3.00 x 19 mm (W16120357);08888893018850;W16120357;2017-12-28;1
BioMatrix Alpha 3.00 x 19 mm (W17030442);08888893018850;W17030442;2019-03-29;1
BioMatrix Alpha 3.00 x 24 mm (W16030306);08888893018867;W16030306;2017-03-21;2
BioMatrix Alpha 3.00 x 29 mm (W16120364);08888893018874;W16120364;2017-12-28;1
BioMatrix Alpha 3.00 x 36 mm (W16120080);08888893018898;W16120080;2017-12-13;1
BioMatrix Alpha 3.5 x 14 mm (W16030054);08888893018911;W16030054;2017-03-07;1
BioMatrix Alpha 3.5 x 14 mm (W16050105D);08888893018911;W16050105D;2018-05-09;1
BioMatrix Alpha 3.5 x 19 mm (W16100594);08888893018928;W16100594;2017-11-02;1
BioMatrix Alpha 3.5 x 19 mm (W17020161);08888893018928;W17020161;2018-02-14;1
BioMatrix Alpha 3.5 x 24 mm (W16030570);08888893018935;W16030570;2017-04-04;1
BioMatrix Alpha 3.5 x 24 mm (W16040359D);08888893018935;W16040359D;2018-04-25;1
BioMatrix Alpha 3.5 x 29 mm (W16020335);08888893018942;W16020335;2017-03-07;1
BioMatrix Alpha 3.5 x 33 mm (W17020103);08888893018959;W17020103;2018-02-06;1
BioMatrix Alpha 3.5 x 36 mm (W16120084);08888893018966;W16120084;2017-12-13;1
Abbott MINI TREK 1.20 mm x 08 mm/RX (61123G1);08717648138034;61123G1;2019-10-31;0
Abbott MINI TREK 1.20 mm x 08 mm/RX (70606G1913262);08717648138034;70606G1;2020-05-31;1
Abbott MINI TREK 1.20 mm x 08 mm/RX (71130G1913213);08717648138034;71130G1;2020-10-31;2
Abbott MINI TREK 1.20 mm x 12 mm/RX (70908G1914478);08717648138041;70908G1;2020-08-31;0
Abbott MINI TREK 1.20 mm x 12 mm/RX (80209G1914537);08717648138041;80209G1;2021-01-31;1
Abbott MINI TREK 1.20 mm x 15 mm/RX (60518G1);08717648138058;60518G1;2019-04-30;1
Abbott MINI TREK 1.20 mm x 15 mm/RX (61111G1);08717648138058;61111G1;2019-10-31;0
Abbott MINI TREK 1.20 mm x 15 mm/RX (80115G1914574);08717648138058;80115G1;2020-12-31;1
Abbott MINI TREK 1.20 mm x 20 mm/RX (60606G1);08717648138065;60606G1;2019-05-31;1
Abbott MINI TREK 1.50 mm x 08 mm/RX (60830G2);08717648138089;60830G2;2019-07-31;0
Abbott MINI TREK 1.50 mm x 08 mm/RX (71124G1913958);08717648138089;71124G1;2020-10-31;1
Abbott MINI TREK 1.50 mm x 12 mm/RX (61108G1);08717648138096;61108G1;2019-10-31;0
Abbott MINI TREK 1.50 mm x 12 mm/RX (61123G1);08717648138096;61123G1;2019-10-31;0
Abbott MINI TREK 1.50 mm x 12 mm/RX (70130G1914139);08717648138096;70130G1;2019-12-31;0
Abbott MINI TREK 1.50 mm x 12 mm/RX (70601G1913451);08717648138096;70601G1;2020-05-31;0
Abbott MINI TREK 1.50 mm x 12 mm/RX (70809G1916494);08717648138096;70809G1;2020-07-31;0
Abbott MINI TREK 1.50 mm x 12 mm/RX (71024G1916290);08717648138096;71024G1;2020-09-30;1
Abbott MINI TREK 1.50 mm x 12 mm/RX (71115G1913693);08717648138096;71115G1;2020-10-31;0
Abbott MINI TREK 1.50 mm x 12 mm/RX (80302G1914332);08717648138096;80302G1;2021-02-28;1
Abbott MINI TREK 1.50 mm x 15 mm/RX (70526G1914078);08717648138102;70526G1;2020-04-30;0
Abbott MINI TREK 1.50 mm x 15 mm/RX (71011G1914734);08717648138102;71011G1;2020-09-30;-1
Abbott MINI TREK 1.50 mm x 15 mm/RX (80302G1915451);08717648138102;80302G1;2021-02-28;1
Abbott MINI TREK 1.50 mm x 20 mm/RX (80122G1913694);08717648138119;80122G1;2020-12-31;1
Abbott MINI TREK 2.0 mm x 08 mm/RX (40919G1);08717648138133;40919G1;2017-08-31;1
Abbott MINI TREK 2.0 mm x 08 mm/RX (70906G1913651);08717648138133;70906G1;2020-08-31;1
Abbott MINI TREK 2.0 mm x 12 mm/RX (61126G3914857);08717648138140;61126G3;2019-10-31;-1
Abbott MINI TREK 2.0 mm x 12 mm/RX (70904G1914050);08717648138140;70904G1;2020-08-31;-1
Abbott MINI TREK 2.0 mm x 12 mm/RX (70922G1916261);08717648138140;70922G1;2020-08-31;1
Abbott MINI TREK 2.0 mm x 15 mm/RX (70104G1913497);08717648138157;70104G1;2019-12-31;-1
Abbott MINI TREK 2.0 mm x 15 mm/RX (70711G2917118);08717648138157;70711G2;2020-06-30;1
Abbott MINI TREK 2.0 mm x 20 mm/RX (50724G1);08717648138164;50724G1;2018-06-30;1
Abbott NC TREK 1.5 mm x 12 mm/RX (51202G1);08717648151590;51202G1;2018-11-30;0
Abbott NC TREK 1.5 mm x 12 mm/RX (70222G1913024);08717648151590;70222G1;2020-01-31;0
Abbott NC TREK 1.5 mm x 12 mm/RX (70801G1913525);08717648151590;70801G1;2020-07-31;0
Abbott NC TREK 1.5 mm x 12 mm/RX (71113G1913641);08717648151590;71113G1;2020-10-31;1
Abbott NC TREK 1.5 mm x 15 mm/RX (60929G1);08717648151606;60929G1;2019-08-31;0
Abbott NC TREK 1.5 mm x 15 mm/RX (70616G1913178);08717648151606;70616G1;2020-05-31;0
Abbott NC TREK 1.5 mm x 15 mm/RX (71027G1913054);08717648151606;71027G1;2020-09-30;1
Abbott NC TREK 1.5 mm x 8 mm/RX (61101G1913121);08717648151583;61101G1;2019-10-31;0
Abbott NC TREK 1.5 mm x 8 mm/RX (70922G1913271);08717648151583;70922G1;2020-08-31;1
Abbott NC TREK 2.0 mm x 12 mm/RX (61208G1);08717648151644;61208G1;2019-11-30;1
Abbott NC TREK 2.0 mm x 12 mm/RX (70118G1913459);08717648151644;70118G1;2019-12-31;-1
Abbott NC TREK 2.0 mm x 12 mm/RX (70321G1913194);08717648151644;70321G1;2020-02-29;0
Abbott NC TREK 2.0 mm x 12 mm/RX (70605G1913082);08717648151644;70605G1;2020-05-31;0
Abbott NC TREK 2.0 mm x 12 mm/RX (70704G1913570);08717648151644;70704G1;2020-06-30;0
Abbott NC TREK 2.0 mm x 12 mm/RX (70904G1914371);08717648151644;70904G1;2020-08-31;1
Abbott NC TREK 2.0 mm x 12 mm/RX (70905G1913037);08717648151644;70905G1;2020-08-31;0
Abbott NC TREK 2.0 mm x 12 mm/RX (71102G1913507);08717648151644;71102G1;2020-10-31;0
Abbott NC TREK 2.0 mm x 12 mm/RX (80102G1914121);08717648151644;80102G1;2020-12-31;0
Abbott NC TREK 2.0 mm x 12 mm/RX (80207G1913942);08717648151644;80207G1;2021-01-31;3
Abbott NC TREK 2.0 mm x 15 mm/RX (61109G1);08717648151651;61109G1;2019-10-31;0
Abbott NC TREK 2.0 mm x 15 mm/RX (70118G1913193);08717648151651;70118G1;2019-12-31;0
Abbott NC TREK 2.0 mm x 15 mm/RX (70221G1913224);08717648151651;70221G1;2020-01-31;1
Abbott NC TREK 2.0 mm x 15 mm/RX (70831G1913626);08717648151651;70831G1;2020-07-31;0
Abbott NC TREK 2.0 mm x 15 mm/RX (70925G1913642);08717648151651;70925G1;2020-08-31;0
Abbott NC TREK 2.0 mm x 15 mm/RX (71111G1913020);08717648151651;71111G1;2020-10-31;0
Abbott NC TREK 2.0 mm x 15 mm/RX (80309G1913103);08717648151651;80309G1;2021-02-28;3
Abbott NC TREK 2.0 mm x 8 mm/RX (70605G1913627);08717648151637;70605G1;2020-05-31;1
Abbott NC TREK 2.5 mm x 12 mm/RX (61111G2);08717648151750;61111G2;2019-10-31;-1
Abbott NC TREK 2.5 mm x 12 mm/RX (70118G1913248);08717648151750;70118G1;2019-12-31;0
Abbott NC TREK 2.5 mm x 12 mm/RX (70118G2913130);08717648151750;70118G2;2019-12-31;0
Abbott NC TREK 2.5 mm x 12 mm/RX (70222G1913807);08717648151750;70222G1;2020-01-31;0
Abbott NC TREK 2.5 mm x 12 mm/RX (70222G2914153);08717648151750;70222G2;2020-01-31;0
Abbott NC TREK 2.5 mm x 12 mm/RX (70309G1915004);08717648151750;70309G1;2020-02-29;1
Abbott NC TREK 2.5 mm x 12 mm/RX (70321G1914572);08717648151750;70321G1;2020-02-29;0
Abbott NC TREK 2.5 mm x 12 mm/RX (70509G1913492);08717648151750;70509G1;2020-04-30;0
Abbott NC TREK 2.5 mm x 12 mm/RX (70718G1913068);08717648151750;70718G1;2020-06-30;1
Abbott NC TREK 2.5 mm x 12 mm/RX (70821G1914338);08717648151750;70821G1;2020-07-31;0
Abbott NC TREK 2.5 mm x 12 mm/RX (70925G1914987);08717648151750;70925G1;2020-08-31;0
Abbott NC TREK 2.5 mm x 12 mm/RX (71005G1913010);08717648151750;71005G1;2020-09-30;0
Abbott NC TREK 2.5 mm x 12 mm/RX (71025G1913309);08717648151750;71025G1;2020-09-30;0
Abbott NC TREK 2.5 mm x 12 mm/RX (71028G2913275);08717648151750;71028G2;2020-09-30;0
Abbott NC TREK 2.5 mm x 12 mm/RX (71118G1915346);08717648151750;71118G1;2020-10-31;1
Abbott NC TREK 2.5 mm x 12 mm/RX (80321G1913373);08717648151750;80321G1;2021-02-28;1
Abbott NC TREK 2.5 mm x 15 mm/RX (61202G1);08717648151767;61202G1;2019-11-30;1
Abbott NC TREK 2.5 mm x 15 mm/RX (70103G1);08717648151767;70103G1;2019-12-31;0
Abbott NC TREK 2.5 mm x 15 mm/RX (70118G3914269);08717648151767;70118G3;2019-12-31;0
Abbott NC TREK 2.5 mm x 15 mm/RX (70210G2913429);08717648151767;70210G2;2020-01-31;0
Abbott NC TREK 2.5 mm x 15 mm/RX (70306G1914838);08717648151767;70306G1;2020-02-29;0
Abbott NC TREK 2.5 mm x 15 mm/RX (70417G1913668);08717648151767;70417G1;2020-03-31;0
Abbott NC TREK 2.5 mm x 15 mm/RX (70709G1914039);08717648151767;70709G1;2020-06-30;0
Abbott NC TREK 2.5 mm x 15 mm/RX (70717G1913446);08717648151767;70717G1;2020-06-30;0
Abbott NC TREK 2.5 mm x 15 mm/RX (70721G1913465);08717648151767;70721G1;2020-06-30;1
Abbott NC TREK 2.5 mm x 15 mm/RX (70816G1914527);08717648151767;70816G1;2020-07-31;0
Abbott NC TREK 2.5 mm x 15 mm/RX (70922G1914428);08717648151767;70922G1;2020-08-31;0
Abbott NC TREK 2.5 mm x 15 mm/RX (70927G1913290);08717648151767;70927G1;2020-08-31;1
Abbott NC TREK 2.5 mm x 15 mm/RX (70928G1913029);08717648151767;70928G1;2020-08-31;0
Abbott NC TREK 2.5 mm x 15 mm/RX (71012G1913199);08717648151767;71012G1;2020-09-30;0
Abbott NC TREK 2.5 mm x 15 mm/RX (71019G1914210);08717648151767;71019G1;2020-09-30;1
Abbott NC TREK 2.5 mm x 15 mm/RX (71026G2913515);08717648151767;71026G2;2020-09-30;0
Abbott NC TREK 2.5 mm x 15 mm/RX (71127G2914665);08717648151767;71127G2;2020-10-31;0
Abbott NC TREK 2.5 mm x 15 mm/RX (80201G1914373);08717648151767;80201G1;2021-01-31;0
Abbott NC TREK 2.5 mm x 15 mm/RX (80302G2913472);08717648151767;80302G2;2021-02-28;0
Abbott NC TREK 2.5 mm x 15 mm/RX (80403G1913287);08717648151767;80403G1;2021-03-31;2
Abbott NC TREK 2.5 mm x 20 mm/RX (70105G1915025);08717648151774;70105G1;2019-12-31;0
Abbott NC TREK 2.5 mm x 20 mm/RX (70216G1913230);08717648151774;70216G1;2020-01-31;0
Abbott NC TREK 2.5 mm x 20 mm/RX (70703G1913556);08717648151774;70703G1;2020-06-30;0
Abbott NC TREK 2.5 mm x 20 mm/RX (70706G1914867);08717648151774;70706G1;2020-06-30;0
Abbott NC TREK 2.5 mm x 20 mm/RX (70720G1914692);08717648151774;70720G1;2020-06-30;0
Abbott NC TREK 2.5 mm x 20 mm/RX (70807G1913809);08717648151774;70807G1;2020-07-31;0
Abbott NC TREK 2.5 mm x 20 mm/RX (71005G1914096);08717648151774;71005G1;2020-09-30;1
Abbott NC TREK 2.5 mm x 20 mm/RX (71023G1914063);08717648151774;71023G1;2020-09-30;0
Abbott NC TREK 2.5 mm x 20 mm/RX (80108G1913894);08717648151774;80108G1;2020-12-31;0
Abbott NC TREK 2.5 mm x 20 mm/RX (80112G1914261);08717648151774;80112G1;2020-12-31;0
Abbott NC TREK 2.5 mm x 20 mm/RX (80201G1913900);08717648151774;80201G1;2021-01-31;0
Abbott NC TREK 2.5 mm x 20 mm/RX (80323G1913007);08717648151774;80323G1;2021-02-28;2
Abbott NC TREK 2.5 mm x 25 mm/RX (70127G1913355);08717648151781;70127G1;2019-12-31;2
Abbott NC TREK 2.5 mm x 8 mm/RX (70728G1914997);08717648151743;70728G1;2020-06-30;1
Abbott NC TREK 3.0 mm x 12 mm/RX (70405G2913378);08717648151866;70405G2;2020-03-31;0
Abbott NC TREK 3.0 mm x 12 mm/RX (70520G2913169);08717648151866;70520G2;2020-04-30;0
Abbott NC TREK 3.0 mm x 12 mm/RX (70615G1913346);08717648151866;70615G1;2020-05-31;0
Abbott NC TREK 3.0 mm x 12 mm/RX (70729G1914364);08717648151866;70729G1;2020-06-30;0
Abbott NC TREK 3.0 mm x 12 mm/RX (70830G1914415);08717648151866;70830G1;2020-07-31;0
Abbott NC TREK 3.0 mm x 12 mm/RX (71023G1914209);08717648151866;71023G1;2020-09-30;1
Abbott NC TREK 3.0 mm x 12 mm/RX (71207G2914187);08717648151866;71207G2;2020-11-30;0
Abbott NC TREK 3.0 mm x 12 mm/RX (71218G1914547);08717648151866;71218G1;2020-11-30;0
Abbott NC TREK 3.0 mm x 12 mm/RX (80208G1913302);08717648151866;80208G1;2021-01-31;2
Abbott NC TREK 3.0 mm x 15 mm/RX (70104G1);08717648151873;70104G1;2019-12-31;-1
Abbott NC TREK 3.0 mm x 15 mm/RX (70105G1);08717648151873;70105G1;2019-12-31;0
Abbott NC TREK 3.0 mm x 15 mm/RX (70106G1913270);08717648151873;70106G1;2019-12-31;0
Abbott NC TREK 3.0 mm x 15 mm/RX (70211G1914360);08717648151873;70211G1;2020-01-31;-7
Abbott NC TREK 3.0 mm x 15 mm/RX (70316G1913493);08717648151873;70316G1;2020-02-29;0
Abbott NC TREK 3.0 mm x 15 mm/RX (70407G1914653);08717648151873;70407G1;2020-03-31;1
Abbott NC TREK 3.0 mm x 15 mm/RX (70518G1913463);08717648151873;70518G1;2020-04-30;0
Abbott NC TREK 3.0 mm x 15 mm/RX (70519G1913961);08717648151873;70519G1;2020-04-30;0
Abbott NC TREK 3.0 mm x 15 mm/RX (70615G1913240);08717648151873;70615G1;2020-05-31;0
Abbott NC TREK 3.0 mm x 15 mm/RX (70712G1914522);08717648151873;70712G1;2020-06-30;0
Abbott NC TREK 3.0 mm x 15 mm/RX (70718G1914380);08717648151873;70718G1;2020-06-30;1
Abbott NC TREK 3.0 mm x 15 mm/RX (70826G1913745);08717648151873;70826G1;2020-07-31;-1
Abbott NC TREK 3.0 mm x 15 mm/RX (71110G1914036);08717648151873;71110G1;2020-10-31;0
Abbott NC TREK 3.0 mm x 15 mm/RX (80115G1913056);08717648151873;80115G1;2020-12-31;1
Abbott NC TREK 3.0 mm x 15 mm/RX (80115G2913433);08717648151873;80115G2;2020-12-31;0
Abbott NC TREK 3.0 mm x 15 mm/RX (80129G1913320);08717648151873;80129G1;2020-12-31;0
Abbott NC TREK 3.0 mm x 15 mm/RX (80323G1913022);08717648151873;80323G1;2021-02-28;1
Abbott NC TREK 3.0 mm x 20 mm/RX (61116G1);08717648151880;61116G1;2019-10-31;1
Abbott NC TREK 3.0 mm x 20 mm/RX (61206G1913646);08717648151880;61206G1;2019-11-30;0
Abbott NC TREK 3.0 mm x 20 mm/RX (70606G1913413);08717648151880;70606G1;2020-05-31;0
Abbott NC TREK 3.0 mm x 20 mm/RX (70821G1913079);08717648151880;70821G1;2020-07-31;0
Abbott NC TREK 3.0 mm x 20 mm/RX (71020G1913126);08717648151880;71020G1;2020-09-30;0
Abbott NC TREK 3.0 mm x 20 mm/RX (71023G1913316);08717648151880;71023G1;2020-09-30;0
Abbott NC TREK 3.0 mm x 20 mm/RX (80122G1913024);08717648151880;80122G1;2020-12-31;0
Abbott NC TREK 3.0 mm x 20 mm/RX (80212G2913142);08717648151880;80212G2;2021-01-31;1
Abbott NC TREK 3.0 mm x 25 mm/RX (70606G1914150);08717648151897;70606G1;2020-05-31;1
Abbott NC TREK 3.0 mm x 8 mm/RX (70103G1913234);08717648151859;70103G1;2019-12-31;0
Abbott NC TREK 3.0 mm x 8 mm/RX (70120G1914205);08717648151859;70120G1;2019-12-31;0
Abbott NC TREK 3.0 mm x 8 mm/RX (70822G1914929);08717648151859;70822G1;2020-07-31;1
Abbott NC TREK 3.0 mm x 8 mm/RX (71201G1913971);08717648151859;71201G1;2020-11-30;1
Abbott NC TREK 3.0 mm x 8 mm/RX (71218G1913542);08717648151859;71218G1;2020-11-30;2
Abbott NC TREK 3.5 mm x 12 mm/RX (61107G1);08717648151972;61107G1;2019-10-31;1
Abbott NC TREK 3.5 mm x 12 mm/RX (70216G2914588);08717648151972;70216G2;2020-01-31;0
Abbott NC TREK 3.5 mm x 12 mm/RX (70531G1913665);08717648151972;70531G1;2020-04-30;0
Abbott NC TREK 3.5 mm x 12 mm/RX (70726G1913692);08717648151972;70726G1;2020-06-30;0
Abbott NC TREK 3.5 mm x 12 mm/RX (80109G2913169);08717648151972;80109G2;2020-12-31;0
Abbott NC TREK 3.5 mm x 12 mm/RX (80115G1913645);08717648151972;80115G1;2020-12-31;0
Abbott NC TREK 3.5 mm x 12 mm/RX (80326G1913075);08717648151972;80326G1;2021-02-28;1
Abbott NC TREK 3.5 mm x 15 mm/RX (70102G1);08717648151989;70102G1;2019-12-31;-1
Abbott NC TREK 3.5 mm x 15 mm/RX (70105G2913732);08717648151989;70105G2;2019-12-31;-1
Abbott NC TREK 3.5 mm x 15 mm/RX (70303G1914911);08717648151989;70303G1;2020-02-29;1
Abbott NC TREK 3.5 mm x 15 mm/RX (70418G1913160);08717648151989;70418G1;2020-03-31;0
Abbott NC TREK 3.5 mm x 15 mm/RX (70514G1914477);08717648151989;70514G1;2020-04-30;0
Abbott NC TREK 3.5 mm x 15 mm/RX (70529G1913687);08717648151989;70529G1;2020-04-30;0
Abbott NC TREK 3.5 mm x 15 mm/RX (70602G2913257);08717648151989;70602G2;2020-05-31;-1
Abbott NC TREK 3.5 mm x 15 mm/RX (70605G1913730);08717648151989;70605G1;2020-05-31;0
Abbott NC TREK 3.5 mm x 15 mm/RX (70626G1913310);08717648151989;70626G1;2020-05-31;1
Abbott NC TREK 3.5 mm x 15 mm/RX (70717G1913832);08717648151989;70717G1;2020-06-30;0
Abbott NC TREK 3.5 mm x 15 mm/RX (70727G1913927);08717648151989;70727G1;2020-06-30;1
Abbott NC TREK 3.5 mm x 15 mm/RX (70727G3913964);08717648151989;70727G3;2020-06-30;0
Abbott NC TREK 3.5 mm x 15 mm/RX (70825G1913986);08717648151989;70825G1;2020-07-31;0
Abbott NC TREK 3.5 mm x 15 mm/RX (71021G1914525);08717648151989;71021G1;2020-09-30;0
Abbott NC TREK 3.5 mm x 15 mm/RX (71122G1913178);08717648151989;71122G1;2020-10-31;1
Abbott NC TREK 3.5 mm x 15 mm/RX (80104G1913322);08717648151989;80104G1;2020-12-31;0
Abbott NC TREK 3.5 mm x 15 mm/RX (80122G1914752);08717648151989;80122G1;2020-12-31;1
Abbott NC TREK 3.5 mm x 15 mm/RX (80224G1913907);08717648151989;80224G1;2021-01-31;1
Abbott NC TREK 3.5 mm x 20 mm/RX (61115G1);08717648151996;61115G1;2019-10-31;-1
Abbott NC TREK 3.5 mm x 20 mm/RX (70227G1913245);08717648151996;70227G1;2020-01-31;0
Abbott NC TREK 3.5 mm x 20 mm/RX (70301G1913239);08717648151996;70301G1;2020-02-29;0
Abbott NC TREK 3.5 mm x 20 mm/RX (70705G1913443);08717648151996;70705G1;2020-06-30;0
Abbott NC TREK 3.5 mm x 20 mm/RX (70816G1914082);08717648151996;70816G1;2020-07-31;0
Abbott NC TREK 3.5 mm x 20 mm/RX (71005G1914004);08717648151996;71005G1;2020-09-30;1
Abbott NC TREK 3.5 mm x 20 mm/RX (80131G1913964);08717648151996;80131G1;2020-12-31;1
Abbott NC TREK 3.5 mm x 20 mm/RX (80213G1913564);08717648151996;80213G1;2021-01-31;1
Abbott NC TREK 3.5 mm x 25 mm/RX (70109G1914554);08717648152009;70109G1;2019-12-31;1
Abbott NC TREK 3.5 mm x 6 mm/RX (70421G1913830);08717648151958;70421G1;2020-03-31;1
Abbott NC TREK 3.5 mm x 8 mm/RX (61207G1);08717648151965;61207G1;2019-11-30;1
Abbott NC TREK 3.5 mm x 8 mm/RX (70304G1913906);08717648151965;70304G1;2020-02-29;0
Abbott NC TREK 3.5 mm x 8 mm/RX (70510G1915261);08717648151965;70510G1;2020-04-30;-1
Abbott NC TREK 3.5 mm x 8 mm/RX (70524G1913876);08717648151965;70524G1;2020-04-30;1
Abbott NC TREK 3.5 mm x 8 mm/RX (71201G1913232);08717648151965;71201G1;2020-11-30;2
Abbott NC TREK 3.5 mm x 8 mm/RX (71218G2914219);08717648151965;71218G2;2020-11-30;1
Abbott NC TREK 3.5 mm x 8 mm/RX (80319G1913725);08717648151965;80319G1;2021-02-28;1
Abbott NC TREK 4.0 mm x 12 mm/RX (70503G1913107);08717648152061;70503G1;2020-04-30;0
Abbott NC TREK 4.0 mm x 12 mm/RX (70518G1914414);08717648152061;70518G1;2020-04-30;-1
Abbott NC TREK 4.0 mm x 12 mm/RX (71111G1913365);08717648152061;71111G1;2020-10-31;1
Abbott NC TREK 4.0 mm x 12 mm/RX (71130G1913840);08717648152061;71130G1;2020-10-31;0
Abbott NC TREK 4.0 mm x 12 mm/RX (71212G1913310);08717648152061;71212G1;2020-11-30;0
Abbott NC TREK 4.0 mm x 12 mm/RX (80123G1914924);08717648152061;80123G1;2020-12-31;1
Abbott NC TREK 4.0 mm x 12 mm/RX (80410G2913969);08717648152061;80410G2;2021-03-31;1
Abbott NC TREK 4.0 mm x 12 mm/RX (80412G1914894);08717648152061;80412G1;2021-03-31;1
Abbott NC TREK 4.0 mm x 15 mm/RX (70112G2913918);08717648152078;70112G2;2019-12-31;0
Abbott NC TREK 4.0 mm x 15 mm/RX (70214G1913279);08717648152078;70214G1;2020-01-31;0
Abbott NC TREK 4.0 mm x 15 mm/RX (70214G2914145);08717648152078;70214G2;2020-01-31;0
Abbott NC TREK 4.0 mm x 15 mm/RX (70301G1914806);08717648152078;70301G1;2020-02-29;0
Abbott NC TREK 4.0 mm x 15 mm/RX (70407G1914608);08717648152078;70407G1;2020-03-31;0
Abbott NC TREK 4.0 mm x 15 mm/RX (70518G1915288);08717648152078;70518G1;2020-04-30;-2
Abbott NC TREK 4.0 mm x 15 mm/RX (70524G1914450);08717648152078;70524G1;2020-04-30;0
Abbott NC TREK 4.0 mm x 15 mm/RX (70622G2914029);08717648152078;70622G2;2020-05-31;1
Abbott NC TREK 4.0 mm x 15 mm/RX (70707G1913848);08717648152078;70707G1;2020-06-30;0
Abbott NC TREK 4.0 mm x 15 mm/RX (71130G1913763);08717648152078;71130G1;2020-10-31;0
Abbott NC TREK 4.0 mm x 15 mm/RX (80123G1914199);08717648152078;80123G1;2020-12-31;2
Abbott NC TREK 4.0 mm x 8 mm/RX (61204G1);08717648152054;61204G1;2019-11-30;-1
Abbott NC TREK 4.0 mm x 8 mm/RX (70119G1913043);08717648152054;70119G1;2019-12-31;1
Abbott NC TREK 4.0 mm x 8 mm/RX (70602G1914931);08717648152054;70602G1;2020-05-31;0
Abbott NC TREK 4.0 mm x 8 mm/RX (70818G1913673);08717648152054;70818G1;2020-07-31;0
Abbott NC TREK 4.0 mm x 8 mm/RX (71201G1914869);08717648152054;71201G1;2020-11-30;1
Abbott NC TREK 4.0 mm x 8 mm/RX (71212G1914043);08717648152054;71212G1;2020-11-30;2
Abbott NC TREK 4.5 mm x 12 mm/RX (70104G1914886);08717648152108;70104G1;2019-12-31;1
Abbott NC TREK 4.5 mm x 12 mm/RX (70608G1913503);08717648152108;70608G1;2020-05-31;0
Abbott NC TREK 4.5 mm x 12 mm/RX (70731G1913058);08717648152108;70731G1;2020-06-30;0
Abbott NC TREK 4.5 mm x 12 mm/RX (71212G1914229);08717648152108;71212G1;2020-11-30;1
Abbott NC TREK 4.5 mm x 12 mm/RX (80206G1914136);08717648152108;80206G1;2021-01-31;1
Abbott NC TREK 4.5 mm x 15 mm/RX (70112G1914851);08717648152115;70112G1;2019-12-31;0
Abbott NC TREK 4.5 mm x 15 mm/RX (70614G1913493);08717648152115;70614G1;2020-05-31;0
Abbott NC TREK 4.5 mm x 15 mm/RX (70908G1913442);08717648152115;70908G1;2020-08-31;1
Abbott NC TREK 4.5 mm x 8 mm/RX (70104G1);08717648152092;70104G1;2019-12-31;0
Abbott NC TREK 4.5 mm x 8 mm/RX (70130G1913088);08717648152092;70130G1;2019-12-31;0
Abbott NC TREK 4.5 mm x 8 mm/RX (71206G1915126);08717648152092;71206G1;2020-11-30;2
Abbott NC TREK 5.0 mm x 12 mm/RX (51211G1);08717648152146;51211G1;2018-11-30;1
Abbott NC TREK 5.0 mm x 12 mm/RX (70324G1913151);08717648152146;70324G1;2020-02-29;1
Abbott NC TREK 5.0 mm x 8 mm/RX (70324G1913824);08717648152139;70324G1;2020-02-29;2
Abbott TREK 3.0 mm x 15 mm/RX (70117G1913996);08717648138430;70117G1;2019-12-31;-1
Abbott Xience PROX 3.5 mm x 38 mm (7071141915151);08717648161902;7071141;2020-07-18;1
Abbott NC TREK 2.5 mm x 8 mm/RX (61219G1914752);08717648151743;61219G1;2019-11-30;1
Abbott NC TREK 4.0 mm x 12 mm/RX (70302G1914802);08717648152061;70302G1;2020-02-29;1
Abbott NC TREK 4.0 mm x 12 mm/RX (70302G2914002);08717648152061;70302G2;2020-02-29;1
